-- phpMyAdmin SQL Dump
-- version 4.8.5
-- https://www.phpmyadmin.net/
--
-- Hôte : 127.0.0.1:3306
-- Généré le :  mar. 21 sep. 2021 à 21:44
-- Version du serveur :  5.7.26
-- Version de PHP :  7.3.5

SET SQL_MODE = "NO_AUTO_VALUE_ON_ZERO";
SET AUTOCOMMIT = 0;
START TRANSACTION;
SET time_zone = "+00:00";


/*!40101 SET @OLD_CHARACTER_SET_CLIENT=@@CHARACTER_SET_CLIENT */;
/*!40101 SET @OLD_CHARACTER_SET_RESULTS=@@CHARACTER_SET_RESULTS */;
/*!40101 SET @OLD_COLLATION_CONNECTION=@@COLLATION_CONNECTION */;
/*!40101 SET NAMES utf8mb4 */;

--
-- Base de données :  `aqualines`
--

-- --------------------------------------------------------

--
-- Structure de la table `batchs`
--

DROP TABLE IF EXISTS `batchs`;
CREATE TABLE IF NOT EXISTS `batchs` (
  `id` bigint(20) UNSIGNED NOT NULL AUTO_INCREMENT,
  `NumeroCarte` varchar(191) COLLATE utf8mb4_unicode_ci NOT NULL,
  `CLE` varchar(191) COLLATE utf8mb4_unicode_ci NOT NULL,
  `NLot` varchar(191) COLLATE utf8mb4_unicode_ci DEFAULT NULL,
  `Divers1` varchar(191) COLLATE utf8mb4_unicode_ci DEFAULT NULL,
  `Divers2` varchar(191) COLLATE utf8mb4_unicode_ci DEFAULT NULL,
  `Divers3` varchar(191) COLLATE utf8mb4_unicode_ci DEFAULT NULL,
  `created_at` timestamp NULL DEFAULT NULL,
  `updated_at` timestamp NULL DEFAULT NULL,
  PRIMARY KEY (`id`),
  UNIQUE KEY `batchs_numerocarte_unique` (`NumeroCarte`),
  UNIQUE KEY `batchs_cle_unique` (`CLE`)
) ENGINE=MyISAM AUTO_INCREMENT=1001 DEFAULT CHARSET=utf8mb4 COLLATE=utf8mb4_unicode_ci;

--
-- Déchargement des données de la table `batchs`
--

INSERT INTO `batchs` (`id`, `NumeroCarte`, `CLE`, `NLot`, `Divers1`, `Divers2`, `Divers3`, `created_at`, `updated_at`) VALUES
(1, '45782429', 'LWCNBB4QFK84', NULL, NULL, NULL, NULL, NULL, NULL),
(2, '39493629', 'YY6RS69Z9KF7', NULL, NULL, NULL, NULL, NULL, NULL),
(3, '95345876', 'P8HDAQ8G5J3G', NULL, NULL, NULL, NULL, NULL, NULL),
(4, '84956633', 'TA2FZWLJKDSC', NULL, NULL, NULL, NULL, NULL, NULL),
(5, '69666922', '48BES7Z5Z2X3', NULL, NULL, NULL, NULL, NULL, NULL),
(6, '78792832', 'ZJ5EW5LM3JJ2', NULL, NULL, NULL, NULL, NULL, NULL),
(7, '93899394', '6YNP65NYBYXD', NULL, NULL, NULL, NULL, NULL, NULL),
(8, '82254585', '7F5U63CE6YGC', NULL, NULL, NULL, NULL, NULL, NULL),
(9, '93969563', 'SLYVCY9ADZ95', NULL, NULL, NULL, NULL, NULL, NULL),
(10, '69785497', '34B3ZLTQJVSG', NULL, NULL, NULL, NULL, NULL, NULL),
(11, '58799499', 'FNDDB4DCMZCD', NULL, NULL, NULL, NULL, NULL, NULL),
(12, '92535258', 'YFQ4JLEEASPY', NULL, NULL, NULL, NULL, NULL, NULL),
(13, '34455575', 'BAC23CGHUCCD', NULL, NULL, NULL, NULL, NULL, NULL),
(14, '56329842', 'BV9HLXQBB268', NULL, NULL, NULL, NULL, NULL, NULL),
(15, '24398584', 'D6J5ZPEHCL4J', NULL, NULL, NULL, NULL, NULL, NULL),
(16, '54274725', 'FU2XXU8W3PH7', NULL, NULL, NULL, NULL, NULL, NULL),
(17, '62486846', 'BUPK4YE3MDU7', NULL, NULL, NULL, NULL, NULL, NULL),
(18, '65763484', 'VHDN2DNWNBT2', NULL, NULL, NULL, NULL, NULL, NULL),
(19, '83794454', 'EFP2UBXDUW83', NULL, NULL, NULL, NULL, NULL, NULL),
(20, '97698923', 'TQEBZ3DQRWAW', NULL, NULL, NULL, NULL, NULL, NULL),
(21, '42355945', '255E965F6UW9', NULL, NULL, NULL, NULL, NULL, NULL),
(22, '82296583', 'YAYHY9Z38LUM', NULL, NULL, NULL, NULL, NULL, NULL),
(23, '66845248', 'FD3DNRC5GK5Z', NULL, NULL, NULL, NULL, NULL, NULL),
(24, '67674692', 'NXRMVEBWYKZD', NULL, NULL, NULL, NULL, NULL, NULL),
(25, '59936842', '9WFHY26P67YX', NULL, NULL, NULL, NULL, NULL, NULL),
(26, '78426724', 'V275D4UPTW4N', NULL, NULL, NULL, NULL, NULL, NULL),
(27, '57453755', 'VRP27LLDN22M', NULL, NULL, NULL, NULL, NULL, NULL),
(28, '35532422', 'Z8ZLUMS8S98Z', NULL, NULL, NULL, NULL, NULL, NULL),
(29, '65629336', 'MHYDMR7WQL64', NULL, NULL, NULL, NULL, NULL, NULL),
(30, '32559646', 'QZKCMB9QBZ34', NULL, NULL, NULL, NULL, NULL, NULL),
(31, '49348778', 'EYGJKSDGWCW9', NULL, NULL, NULL, NULL, NULL, NULL),
(32, '23964994', '9R7G4DQJD7JZ', NULL, NULL, NULL, NULL, NULL, NULL),
(33, '32472837', '7N4VXNRABS7M', NULL, NULL, NULL, NULL, NULL, NULL),
(34, '54242384', 'ECYSW2KEXSF6', NULL, NULL, NULL, NULL, NULL, NULL),
(35, '38844537', 'NZK34M4JZY2Z', NULL, NULL, NULL, NULL, NULL, NULL),
(36, '85996898', 'WQKG64L8T2SR', NULL, NULL, NULL, NULL, NULL, NULL),
(37, '67799963', 'ZZM9E7RC2686', NULL, NULL, NULL, NULL, NULL, NULL),
(38, '87658367', 'DLMD563J7VRW', NULL, NULL, NULL, NULL, NULL, NULL),
(39, '45657969', 'Z33E2KC5BZ3P', NULL, NULL, NULL, NULL, NULL, NULL),
(40, '34295634', 'MMTJFSH2LCJX', NULL, NULL, NULL, NULL, NULL, NULL),
(41, '58848755', '6U3SRTKV9WZC', NULL, NULL, NULL, NULL, NULL, NULL),
(42, '22522522', 'WQ98CULNU284', NULL, NULL, NULL, NULL, NULL, NULL),
(43, '25386773', 'X2TNMECPLG49', NULL, NULL, NULL, NULL, NULL, NULL),
(44, '85662487', 'ZXNWGQT89ZKN', NULL, NULL, NULL, NULL, NULL, NULL),
(45, '78939252', '3X83CKC458SX', NULL, NULL, NULL, NULL, NULL, NULL),
(46, '56277962', 'E367MZTT8F3Y', NULL, NULL, NULL, NULL, NULL, NULL),
(47, '43453773', '5EDC8DWBF72X', NULL, NULL, NULL, NULL, NULL, NULL),
(48, '99938232', 'FED6P4NFE49Y', NULL, NULL, NULL, NULL, NULL, NULL),
(49, '83252299', 'YXQGK77R3YQJ', NULL, NULL, NULL, NULL, NULL, NULL),
(50, '43746833', 'Y26A6F44PSK6', NULL, NULL, NULL, NULL, NULL, NULL),
(51, '24334328', '7U8B8NR4HPYX', NULL, NULL, NULL, NULL, NULL, NULL),
(52, '95657245', 'KKFF4LK9LMVF', NULL, NULL, NULL, NULL, NULL, NULL),
(53, '54875236', 'BKJXKBZ8JTDM', NULL, NULL, NULL, NULL, NULL, NULL),
(54, '87269839', 'DRX5E337N58V', NULL, NULL, NULL, NULL, NULL, NULL),
(55, '22482882', 'HVYMBDYSXRLM', NULL, NULL, NULL, NULL, NULL, NULL),
(56, '87465542', 'YK9AXK2YR4AA', NULL, NULL, NULL, NULL, NULL, NULL),
(57, '22374628', 'L4WDE6U237P3', NULL, NULL, NULL, NULL, NULL, NULL),
(58, '73474255', '72YUF7DHXP4M', NULL, NULL, NULL, NULL, NULL, NULL),
(59, '58288937', 'K42CAJBK9ZXK', NULL, NULL, NULL, NULL, NULL, NULL),
(60, '72526628', 'WGYQ6ADGB8FM', NULL, NULL, NULL, NULL, NULL, NULL),
(61, '36492273', 'HF2C8GAYGAGG', NULL, NULL, NULL, NULL, NULL, NULL),
(62, '97224765', 'YW9NV9F2WX25', NULL, NULL, NULL, NULL, NULL, NULL),
(63, '43397655', 'ALYM9HLDTGTG', NULL, NULL, NULL, NULL, NULL, NULL),
(64, '34369674', 'P6PRCH725JV5', NULL, NULL, NULL, NULL, NULL, NULL),
(65, '83229363', '2AX6B3JKNJWR', NULL, NULL, NULL, NULL, NULL, NULL),
(66, '84234777', 'CS953VQPLB35', NULL, NULL, NULL, NULL, NULL, NULL),
(67, '42833879', 'NJRDJWEZWPEW', NULL, NULL, NULL, NULL, NULL, NULL),
(68, '76924582', 'HMM223YFH4B3', NULL, NULL, NULL, NULL, NULL, NULL),
(69, '82798296', 'WMXTRD8EBLYZ', NULL, NULL, NULL, NULL, NULL, NULL),
(70, '57969499', 'RF5NZ65HFU67', NULL, NULL, NULL, NULL, NULL, NULL),
(71, '85842528', 'L738M4FLXPEA', NULL, NULL, NULL, NULL, NULL, NULL),
(72, '93739476', 'X2BD8EUMDFE8', NULL, NULL, NULL, NULL, NULL, NULL),
(73, '39879595', '4NAAVNKVR9P9', NULL, NULL, NULL, NULL, NULL, NULL),
(74, '36364992', 'G6L7GZDRPS74', NULL, NULL, NULL, NULL, NULL, NULL),
(75, '76936229', 'VNVR48B655MA', NULL, NULL, NULL, NULL, NULL, NULL),
(76, '46593997', 'Y4RLTD82VQA8', NULL, NULL, NULL, NULL, NULL, NULL),
(77, '94758445', '93Q76TMU7MXV', NULL, NULL, NULL, NULL, NULL, NULL),
(78, '23835968', 'RNPBSHLTX7NW', NULL, NULL, NULL, NULL, NULL, NULL),
(79, '57748633', 'HDEA25CYC5SD', NULL, NULL, NULL, NULL, NULL, NULL),
(80, '22363945', 'GS7R84532DBK', NULL, NULL, NULL, NULL, NULL, NULL),
(81, '43226854', 'WSUXBY6KVAZQ', NULL, NULL, NULL, NULL, NULL, NULL),
(82, '44659656', 'DKP6L6ETXU9J', NULL, NULL, NULL, NULL, NULL, NULL),
(83, '68967385', 'TKKB545K9ELR', NULL, NULL, NULL, NULL, NULL, NULL),
(84, '92835864', 'KV5WAHTCYYW9', NULL, NULL, NULL, NULL, NULL, NULL),
(85, '84592758', 'QC6XHK5D5EAZ', NULL, NULL, NULL, NULL, NULL, NULL),
(86, '97674974', '9SRAEJMSYHJL', NULL, NULL, NULL, NULL, NULL, NULL),
(87, '68594762', 'N2Z426KWB444', NULL, NULL, NULL, NULL, NULL, NULL),
(88, '25348882', '8C6DT6EBMCUK', NULL, NULL, NULL, NULL, NULL, NULL),
(89, '99972722', 'RHP78C8ZPQB8', NULL, NULL, NULL, NULL, NULL, NULL),
(90, '55367486', '6F5VZ5D4NFVN', NULL, NULL, NULL, NULL, NULL, NULL),
(91, '35564633', '2KGGP53GEF5V', NULL, NULL, NULL, NULL, NULL, NULL),
(92, '35729798', 'QZ5PYMYDDBN6', NULL, NULL, NULL, NULL, NULL, NULL),
(93, '99473959', 'YV3MLGXSHTBT', NULL, NULL, NULL, NULL, NULL, NULL),
(94, '25833328', 'Y9SC7FTLZ4KT', NULL, NULL, NULL, NULL, NULL, NULL),
(95, '68399259', 'GSKTHXQJ9HZL', NULL, NULL, NULL, NULL, NULL, NULL),
(96, '88358946', 'VCV5WQLEN74X', NULL, NULL, NULL, NULL, NULL, NULL),
(97, '55544756', 'XXR5ALKPGRX5', NULL, NULL, NULL, NULL, NULL, NULL),
(98, '59358686', '5TMKNFSRP99A', NULL, NULL, NULL, NULL, NULL, NULL),
(99, '77684478', 'L92DUMLHR7DZ', NULL, NULL, NULL, NULL, NULL, NULL),
(100, '54766257', 'BL7F297N7UPZ', NULL, NULL, NULL, NULL, NULL, NULL),
(101, '95932983', 'DNYA6UE3QL6S', NULL, NULL, NULL, NULL, NULL, NULL),
(102, '23259226', 'HB64ZXLY86UB', NULL, NULL, NULL, NULL, NULL, NULL),
(103, '27356592', 'T34Z8CUD5PKC', NULL, NULL, NULL, NULL, NULL, NULL),
(104, '52652646', 'ZCLFCHNHJFUG', NULL, NULL, NULL, NULL, NULL, NULL),
(105, '26462973', 'DX5FXYFHM68J', NULL, NULL, NULL, NULL, NULL, NULL),
(106, '54373525', 'NQHHHP6KNW6D', NULL, NULL, NULL, NULL, NULL, NULL),
(107, '94968773', 'EHFTJQA24CVX', NULL, NULL, NULL, NULL, NULL, NULL),
(108, '96435759', 'MSY8YSBUEAE4', NULL, NULL, NULL, NULL, NULL, NULL),
(109, '93254625', '7PCZ4AE47P8T', NULL, NULL, NULL, NULL, NULL, NULL),
(110, '93248763', 'QQACC6KU3NVN', NULL, NULL, NULL, NULL, NULL, NULL),
(111, '28482935', 'H9GWG4XQ96WS', NULL, NULL, NULL, NULL, NULL, NULL),
(112, '66977788', 'MFHMJU6JAGKF', NULL, NULL, NULL, NULL, NULL, NULL),
(113, '97899396', 'ATR52AUV7VUM', NULL, NULL, NULL, NULL, NULL, NULL),
(114, '58847895', 'JX9BSC7J2JUB', NULL, NULL, NULL, NULL, NULL, NULL),
(115, '25972727', 'W33AW6FSD6L3', NULL, NULL, NULL, NULL, NULL, NULL),
(116, '72796558', 'BSAT3LEQGQ39', NULL, NULL, NULL, NULL, NULL, NULL),
(117, '57842345', 'J8UKU5EAB6BA', NULL, NULL, NULL, NULL, NULL, NULL),
(118, '24729278', 'EMEPQ4PVDT3B', NULL, NULL, NULL, NULL, NULL, NULL),
(119, '45877926', 'FX9SF3LHHPJS', NULL, NULL, NULL, NULL, NULL, NULL),
(120, '59264348', '4P3B3MFDPA6G', NULL, NULL, NULL, NULL, NULL, NULL),
(121, '23596474', 'H88X45CR294F', NULL, NULL, NULL, NULL, NULL, NULL),
(122, '45396435', 'V3SM4FEEWF4Y', NULL, NULL, NULL, NULL, NULL, NULL),
(123, '43396359', 'QDFVPGBEFXGH', NULL, NULL, NULL, NULL, NULL, NULL),
(124, '33578784', 'TW4BPJPZ9E77', NULL, NULL, NULL, NULL, NULL, NULL),
(125, '32764326', 'XE7GSU2EY42A', NULL, NULL, NULL, NULL, NULL, NULL),
(126, '99353733', 'GAPP89ARTN6B', NULL, NULL, NULL, NULL, NULL, NULL),
(127, '55497892', 'PE2Q632WZPU5', NULL, NULL, NULL, NULL, NULL, NULL),
(128, '69276268', '9FFB29YUP87H', NULL, NULL, NULL, NULL, NULL, NULL),
(129, '76343534', 'B62W49TTFV9T', NULL, NULL, NULL, NULL, NULL, NULL),
(130, '55533582', '8N2NYUYS38MX', NULL, NULL, NULL, NULL, NULL, NULL),
(131, '98653685', 'RTDVEZF2HAEP', NULL, NULL, NULL, NULL, NULL, NULL),
(132, '54996422', 'H3V7HHXKYLU5', NULL, NULL, NULL, NULL, NULL, NULL),
(133, '34836628', 'U7SFHS6ZUNSV', NULL, NULL, NULL, NULL, NULL, NULL),
(134, '74654246', '8AN422M2EY3X', NULL, NULL, NULL, NULL, NULL, NULL),
(135, '72686543', 'N8FASAG3RBD7', NULL, NULL, NULL, NULL, NULL, NULL),
(136, '42764922', 'N7SG47VW8JH9', NULL, NULL, NULL, NULL, NULL, NULL),
(137, '43383397', '5ZB76KHKKQMH', NULL, NULL, NULL, NULL, NULL, NULL),
(138, '24474386', '3Q6BDBFN4HH3', NULL, NULL, NULL, NULL, NULL, NULL),
(139, '35892629', 'KVQKCLPLMSHJ', NULL, NULL, NULL, NULL, NULL, NULL),
(140, '76556664', '7TTAQVZWS5NF', NULL, NULL, NULL, NULL, NULL, NULL),
(141, '25553363', 'HS95ATVHBG3H', NULL, NULL, NULL, NULL, NULL, NULL),
(142, '73449264', 'V66GFA42ZKPJ', NULL, NULL, NULL, NULL, NULL, NULL),
(143, '39224963', 'XTFRWVNAL9QQ', NULL, NULL, NULL, NULL, NULL, NULL),
(144, '92953528', 'TR5XEWS43T4F', NULL, NULL, NULL, NULL, NULL, NULL),
(145, '37796739', 'D232JXSUAJEQ', NULL, NULL, NULL, NULL, NULL, NULL),
(146, '48627364', 'FGPJP5FZE23D', NULL, NULL, NULL, NULL, NULL, NULL),
(147, '94843772', '3QNNVTMZ8GGX', NULL, NULL, NULL, NULL, NULL, NULL),
(148, '87244434', 'YWE2KCH7C7R8', NULL, NULL, NULL, NULL, NULL, NULL),
(149, '27399974', 'XPNG5RWNUD8V', NULL, NULL, NULL, NULL, NULL, NULL),
(150, '93697434', '5SAAEDPADL8P', NULL, NULL, NULL, NULL, NULL, NULL),
(151, '68973938', 'A37AYKDCKLHH', NULL, NULL, NULL, NULL, NULL, NULL),
(152, '49352853', 'S4URMY6GJQCW', NULL, NULL, NULL, NULL, NULL, NULL),
(153, '48633574', 'HLSYRPVFGR9W', NULL, NULL, NULL, NULL, NULL, NULL),
(154, '92474943', 'JWPDCAGTYRFY', NULL, NULL, NULL, NULL, NULL, NULL),
(155, '94785773', 'JT9NAY5869UH', NULL, NULL, NULL, NULL, NULL, NULL),
(156, '29963927', 'NTJXSQW5TA9H', NULL, NULL, NULL, NULL, NULL, NULL),
(157, '28963546', '66FB2RC8GGRD', NULL, NULL, NULL, NULL, NULL, NULL),
(158, '22242864', 'Z2CSBQY4W28J', NULL, NULL, NULL, NULL, NULL, NULL),
(159, '46888345', '94K783CQQZ5U', NULL, NULL, NULL, NULL, NULL, NULL),
(160, '62828325', '69VV8P9MTVH8', NULL, NULL, NULL, NULL, NULL, NULL),
(161, '28482539', 'APBLETA5HJRD', NULL, NULL, NULL, NULL, NULL, NULL),
(162, '85359356', 'SHGAJWQED4EK', NULL, NULL, NULL, NULL, NULL, NULL),
(163, '95348264', '4TRCDPBB43XH', NULL, NULL, NULL, NULL, NULL, NULL),
(164, '49965537', 'X26MSTWJE27V', NULL, NULL, NULL, NULL, NULL, NULL),
(165, '87627638', 'PBKJABUHK8XQ', NULL, NULL, NULL, NULL, NULL, NULL),
(166, '93659655', 'ZDPVQUTZLLFX', NULL, NULL, NULL, NULL, NULL, NULL),
(167, '92359664', 'UBF2LN997M7V', NULL, NULL, NULL, NULL, NULL, NULL),
(168, '43597639', 'BTWXASW8C2ED', NULL, NULL, NULL, NULL, NULL, NULL),
(169, '32286872', '92LSK8J3EQ97', NULL, NULL, NULL, NULL, NULL, NULL),
(170, '56766863', 'ERFA5FPTWFUC', NULL, NULL, NULL, NULL, NULL, NULL),
(171, '65459268', '8HLL87Z34ENC', NULL, NULL, NULL, NULL, NULL, NULL),
(172, '95374262', '7WVFV2UZM8ZM', NULL, NULL, NULL, NULL, NULL, NULL),
(173, '29628644', 'B8HECX66UY6X', NULL, NULL, NULL, NULL, NULL, NULL),
(174, '34634287', 'GQY9CP23BH7R', NULL, NULL, NULL, NULL, NULL, NULL),
(175, '82485665', 'SSAJ3FELHZUX', NULL, NULL, NULL, NULL, NULL, NULL),
(176, '26987378', 'TCGJRATDBYUE', NULL, NULL, NULL, NULL, NULL, NULL),
(177, '54378224', 'PQGA6HHVGFDX', NULL, NULL, NULL, NULL, NULL, NULL),
(178, '48542692', 'HUSZGVJGRD9F', NULL, NULL, NULL, NULL, NULL, NULL),
(179, '74929359', 'TLF7LJFFZY9M', NULL, NULL, NULL, NULL, NULL, NULL),
(180, '67936623', 'M7SDN6JQT6JV', NULL, NULL, NULL, NULL, NULL, NULL),
(181, '39743664', '7AW5M4GV657L', NULL, NULL, NULL, NULL, NULL, NULL),
(182, '53478649', '9BUEN4QKDPWK', NULL, NULL, NULL, NULL, NULL, NULL),
(183, '23694946', 'BNT34L25LDDA', NULL, NULL, NULL, NULL, NULL, NULL),
(184, '73294993', '35CANFGWJ2BR', NULL, NULL, NULL, NULL, NULL, NULL),
(185, '73677896', 'NZN6FEMT5EQL', NULL, NULL, NULL, NULL, NULL, NULL),
(186, '93938829', 'T6P8BM3B87MR', NULL, NULL, NULL, NULL, NULL, NULL),
(187, '29285562', 'UPZ4FY3JSCM2', NULL, NULL, NULL, NULL, NULL, NULL),
(188, '23575677', 'JKG7P4H9XMB4', NULL, NULL, NULL, NULL, NULL, NULL),
(189, '83985964', 'FT5E26GMKVS5', NULL, NULL, NULL, NULL, NULL, NULL),
(190, '73279983', '2QAUQL45TQAP', NULL, NULL, NULL, NULL, NULL, NULL),
(191, '64989843', 'NYKLHJLMRHSD', NULL, NULL, NULL, NULL, NULL, NULL),
(192, '39665226', '2GAC28F5KVVQ', NULL, NULL, NULL, NULL, NULL, NULL),
(193, '38855489', 'WM9DMSTGGEGF', NULL, NULL, NULL, NULL, NULL, NULL),
(194, '88646272', '3UWJC2AF25FE', NULL, NULL, NULL, NULL, NULL, NULL),
(195, '89822832', '4VU2E6K8ZLUX', NULL, NULL, NULL, NULL, NULL, NULL),
(196, '53834983', 'KX7F57UM3PES', NULL, NULL, NULL, NULL, NULL, NULL),
(197, '52355764', '5QYQ5EKAWG97', NULL, NULL, NULL, NULL, NULL, NULL),
(198, '56248535', 'KQLKYDUK4SRR', NULL, NULL, NULL, NULL, NULL, NULL),
(199, '92343826', 'VBWQRNG8SF8U', NULL, NULL, NULL, NULL, NULL, NULL),
(200, '65463977', 'BLJZSUDCEN9D', NULL, NULL, NULL, NULL, NULL, NULL),
(201, '53324646', 'QWLETWYPLH78', NULL, NULL, NULL, NULL, NULL, NULL),
(202, '38556227', 'UMT2GP27QSGA', NULL, NULL, NULL, NULL, NULL, NULL),
(203, '87727289', 'YC74P55FW2F5', NULL, NULL, NULL, NULL, NULL, NULL),
(204, '78389348', 'EDBWR4MZQM6N', NULL, NULL, NULL, NULL, NULL, NULL),
(205, '33732944', 'PU4GY2GEDR4X', NULL, NULL, NULL, NULL, NULL, NULL),
(206, '73458285', 'FXKQYXXZKRVN', NULL, NULL, NULL, NULL, NULL, NULL),
(207, '93423665', 'MGUG364MW8ZX', NULL, NULL, NULL, NULL, NULL, NULL),
(208, '88626963', 'H9TTQ53D7JMF', NULL, NULL, NULL, NULL, NULL, NULL),
(209, '24528422', 'LR42NSFH84BY', NULL, NULL, NULL, NULL, NULL, NULL),
(210, '28583633', 'R483DEC2TWGC', NULL, NULL, NULL, NULL, NULL, NULL),
(211, '22586896', 'VN8EMZFMRV8W', NULL, NULL, NULL, NULL, NULL, NULL),
(212, '79834593', '4AYSDNRWN8VN', NULL, NULL, NULL, NULL, NULL, NULL),
(213, '35955482', 'LUNHKE483C9T', NULL, NULL, NULL, NULL, NULL, NULL),
(214, '56332545', 'ALTBYCDCU7HW', NULL, NULL, NULL, NULL, NULL, NULL),
(215, '85798475', 'UKWZYUHSN386', NULL, NULL, NULL, NULL, NULL, NULL),
(216, '32489572', 'GPXYFMVLGG8M', NULL, NULL, NULL, NULL, NULL, NULL),
(217, '69862792', 'JVMHYE8EDG6C', NULL, NULL, NULL, NULL, NULL, NULL),
(218, '79886924', '8GEA52HRZP8K', NULL, NULL, NULL, NULL, NULL, NULL),
(219, '89247649', 'R5AY8C9N7KLG', NULL, NULL, NULL, NULL, NULL, NULL),
(220, '33645746', 'PSN8CBNXCQ2Q', NULL, NULL, NULL, NULL, NULL, NULL),
(221, '79654835', '2QWVTYTVQ8S8', NULL, NULL, NULL, NULL, NULL, NULL),
(222, '63949648', 'E6V362HL79F7', NULL, NULL, NULL, NULL, NULL, NULL),
(223, '95925237', 'VA7M5Y2JEFUV', NULL, NULL, NULL, NULL, NULL, NULL),
(224, '72792567', 'QWFCGY92PKFJ', NULL, NULL, NULL, NULL, NULL, NULL),
(225, '66874267', 'A33CA5JQVLSG', NULL, NULL, NULL, NULL, NULL, NULL),
(226, '85457236', 'X5ZP3VA6ZYSW', NULL, NULL, NULL, NULL, NULL, NULL),
(227, '52864756', 'GUVP8VWNL2N7', NULL, NULL, NULL, NULL, NULL, NULL),
(228, '33259292', '53AQLPXCR8VZ', NULL, NULL, NULL, NULL, NULL, NULL),
(229, '47288966', 'AGV2NVRAWFLT', NULL, NULL, NULL, NULL, NULL, NULL),
(230, '98684736', 'N8STEYJL69QA', NULL, NULL, NULL, NULL, NULL, NULL),
(231, '32772922', 'JYVKUDX5TL9L', NULL, NULL, NULL, NULL, NULL, NULL),
(232, '32923694', 'F8ECQ9NKTJCA', NULL, NULL, NULL, NULL, NULL, NULL),
(233, '94562554', '8JPGWTVB3QTU', NULL, NULL, NULL, NULL, NULL, NULL),
(234, '56824642', 'SYCVGUSETCQS', NULL, NULL, NULL, NULL, NULL, NULL),
(235, '37779727', 'K3C5CCY3APHA', NULL, NULL, NULL, NULL, NULL, NULL),
(236, '65834373', 'HWKPX7XE74YS', NULL, NULL, NULL, NULL, NULL, NULL),
(237, '56742963', '8NJHA9GA8J6A', NULL, NULL, NULL, NULL, NULL, NULL),
(238, '97245526', 'HGZG83D9A3LR', NULL, NULL, NULL, NULL, NULL, NULL),
(239, '33322837', 'UFTEQEVHZDKV', NULL, NULL, NULL, NULL, NULL, NULL),
(240, '37298974', '34ZV9SVSVUDB', NULL, NULL, NULL, NULL, NULL, NULL),
(241, '82242259', 'JTFNATSMSHKW', NULL, NULL, NULL, NULL, NULL, NULL),
(242, '97776463', 'A934R6EQ7WN8', NULL, NULL, NULL, NULL, NULL, NULL),
(243, '98653728', 'CV6RH8LURENM', NULL, NULL, NULL, NULL, NULL, NULL),
(244, '45953869', 'FDVB2MW5QCM8', NULL, NULL, NULL, NULL, NULL, NULL),
(245, '56858227', 'H35CKLLXR3V2', NULL, NULL, NULL, NULL, NULL, NULL),
(246, '44838344', 'DUXEF2TSGJZA', NULL, NULL, NULL, NULL, NULL, NULL),
(247, '42427484', 'XXC9Y34JKRC8', NULL, NULL, NULL, NULL, NULL, NULL),
(248, '54689398', '8JG65HCWNLB4', NULL, NULL, NULL, NULL, NULL, NULL),
(249, '28935787', '5HMGR69J4KHQ', NULL, NULL, NULL, NULL, NULL, NULL),
(250, '98852969', 'Y8LBMDQ67PMV', NULL, NULL, NULL, NULL, NULL, NULL),
(251, '82468839', '2HFSBY8LUT58', NULL, NULL, NULL, NULL, NULL, NULL),
(252, '56225455', 'EBVQC5G423FM', NULL, NULL, NULL, NULL, NULL, NULL),
(253, '68627428', 'QVG6Q774RHMN', NULL, NULL, NULL, NULL, NULL, NULL),
(254, '29248975', 'CWTMWPF4A46Y', NULL, NULL, NULL, NULL, NULL, NULL),
(255, '63438454', 'FGMJEW4MMM49', NULL, NULL, NULL, NULL, NULL, NULL),
(256, '28664584', 'KXJAZYTTRG55', NULL, NULL, NULL, NULL, NULL, NULL),
(257, '43892579', '8AW7YM4T7VMN', NULL, NULL, NULL, NULL, NULL, NULL),
(258, '36323896', 'UQJG588393J5', NULL, NULL, NULL, NULL, NULL, NULL),
(259, '92548222', 'NUWQU3WT5HRZ', NULL, NULL, NULL, NULL, NULL, NULL),
(260, '54539547', 'C3276YBA8NCE', NULL, NULL, NULL, NULL, NULL, NULL),
(261, '27456998', 'WF4VHYREF34Y', NULL, NULL, NULL, NULL, NULL, NULL),
(262, '25658243', 'QNB24L5UE366', NULL, NULL, NULL, NULL, NULL, NULL),
(263, '59946855', 'HYDVAWZSSZ82', NULL, NULL, NULL, NULL, NULL, NULL),
(264, '26986625', 'DEG9D99YM58V', NULL, NULL, NULL, NULL, NULL, NULL),
(265, '65424876', '4FCU7H2PLDP5', NULL, NULL, NULL, NULL, NULL, NULL),
(266, '99584766', 'ZGA8WGPQ3L8F', NULL, NULL, NULL, NULL, NULL, NULL),
(267, '37236868', 'HFYV6QT7YP4P', NULL, NULL, NULL, NULL, NULL, NULL),
(268, '78965747', 'YZSR62AV2J33', NULL, NULL, NULL, NULL, NULL, NULL),
(269, '63722962', 'V5LUAVUP5BCM', NULL, NULL, NULL, NULL, NULL, NULL),
(270, '37845899', 'TXZVM7ERC4NE', NULL, NULL, NULL, NULL, NULL, NULL),
(271, '56853259', 'WDLRTRVFKSB8', NULL, NULL, NULL, NULL, NULL, NULL),
(272, '42866264', 'PJ77ZL5L53MP', NULL, NULL, NULL, NULL, NULL, NULL),
(273, '46293752', 'QBHA3F6Z4UVK', NULL, NULL, NULL, NULL, NULL, NULL),
(274, '96664578', '798KNQE3Y2JS', NULL, NULL, NULL, NULL, NULL, NULL),
(275, '92369866', 'CU2YCDALJX8N', NULL, NULL, NULL, NULL, NULL, NULL),
(276, '72924599', 'PG4XYA4WBAWB', NULL, NULL, NULL, NULL, NULL, NULL),
(277, '82438457', 'XGYPGQXLEFQ7', NULL, NULL, NULL, NULL, NULL, NULL),
(278, '69648689', 'ADZYX3GEXVWB', NULL, NULL, NULL, NULL, NULL, NULL),
(279, '77596743', '6TGDF9TAF6RC', NULL, NULL, NULL, NULL, NULL, NULL),
(280, '55652673', 'RUDW4HZZE8ZZ', NULL, NULL, NULL, NULL, NULL, NULL),
(281, '68998374', 'FB52R39SV379', NULL, NULL, NULL, NULL, NULL, NULL),
(282, '34362235', '6UXSMQ4ATY78', NULL, NULL, NULL, NULL, NULL, NULL),
(283, '27339236', 'GN8FVR4QQG6R', NULL, NULL, NULL, NULL, NULL, NULL),
(284, '97978966', 'NHGCLUXKFY7M', NULL, NULL, NULL, NULL, NULL, NULL),
(285, '42536557', 'Z7537XSY9LNF', NULL, NULL, NULL, NULL, NULL, NULL),
(286, '82549482', 'N4F49FGVJ4Y6', NULL, NULL, NULL, NULL, NULL, NULL),
(287, '33829695', 'Z2VMNTHP6G2D', NULL, NULL, NULL, NULL, NULL, NULL),
(288, '35453638', 'UR9LR9LURLXM', NULL, NULL, NULL, NULL, NULL, NULL),
(289, '69442966', 'C5K74ZRHPVGW', NULL, NULL, NULL, NULL, NULL, NULL),
(290, '34344843', 'ZYRYAGKE43N8', NULL, NULL, NULL, NULL, NULL, NULL),
(291, '44852585', '4PHLWKET23HM', NULL, NULL, NULL, NULL, NULL, NULL),
(292, '69254968', 'QTJH3NL2ZLAQ', NULL, NULL, NULL, NULL, NULL, NULL),
(293, '76653936', 'R4YUN2CUT4XH', NULL, NULL, NULL, NULL, NULL, NULL),
(294, '45228282', '5DKLTY9UXC3X', NULL, NULL, NULL, NULL, NULL, NULL),
(295, '36575565', 'HMX22MGMXR75', NULL, NULL, NULL, NULL, NULL, NULL),
(296, '92945774', 'QGP7LWNS6KV8', NULL, NULL, NULL, NULL, NULL, NULL),
(297, '87225986', '5JLDHMJJFNLX', NULL, NULL, NULL, NULL, NULL, NULL),
(298, '48753534', 'RUG7JW2QQH3G', NULL, NULL, NULL, NULL, NULL, NULL),
(299, '33655982', 'SH69MPFBCKBB', NULL, NULL, NULL, NULL, NULL, NULL),
(300, '36482399', 'V78TVZV6XFST', NULL, NULL, NULL, NULL, NULL, NULL),
(301, '79475629', 'AY4F7ZDVH6WJ', NULL, NULL, NULL, NULL, NULL, NULL),
(302, '32585883', 'UFVWBP9J6G8X', NULL, NULL, NULL, NULL, NULL, NULL),
(303, '68327363', '4YGN5EPCLHHK', NULL, NULL, NULL, NULL, NULL, NULL),
(304, '79662774', 'UNFABZ2HFTAA', NULL, NULL, NULL, NULL, NULL, NULL),
(305, '79598683', '7767ZCA4L5CT', NULL, NULL, NULL, NULL, NULL, NULL),
(306, '28742592', 'TFD5267KADWB', NULL, NULL, NULL, NULL, NULL, NULL),
(307, '25765792', '9HQKN7M86A5L', NULL, NULL, NULL, NULL, NULL, NULL),
(308, '68927565', 'H6JPAULAMA56', NULL, NULL, NULL, NULL, NULL, NULL),
(309, '67437798', 'MK393RVJ6NJK', NULL, NULL, NULL, NULL, NULL, NULL),
(310, '59788239', 'G8STT4VXYA3D', NULL, NULL, NULL, NULL, NULL, NULL),
(311, '96695463', '34B7N8AT9QS4', NULL, NULL, NULL, NULL, NULL, NULL),
(312, '64477497', 'UMUBHPZZZEUQ', NULL, NULL, NULL, NULL, NULL, NULL),
(313, '49748258', 'X8J6AVD5QVDN', NULL, NULL, NULL, NULL, NULL, NULL),
(314, '87547295', 'TN2P5LTRS6SX', NULL, NULL, NULL, NULL, NULL, NULL),
(315, '55952587', '5C2D2KFAWDWG', NULL, NULL, NULL, NULL, NULL, NULL),
(316, '23938579', 'QJ79VLXYN7TY', NULL, NULL, NULL, NULL, NULL, NULL),
(317, '53323848', 'AS2NJHCFXQE2', NULL, NULL, NULL, NULL, NULL, NULL),
(318, '63537769', 'KJD5RRM2S7XP', NULL, NULL, NULL, NULL, NULL, NULL),
(319, '34372445', '2QKK7GLVKAAB', NULL, NULL, NULL, NULL, NULL, NULL),
(320, '67895359', 'XQ684EFMHQWF', NULL, NULL, NULL, NULL, NULL, NULL),
(321, '87464274', 'PEURKLHTDCW2', NULL, NULL, NULL, NULL, NULL, NULL),
(322, '28636532', 'KHEP4NSN3F4Q', NULL, NULL, NULL, NULL, NULL, NULL),
(323, '72389432', 'Q4UEF3ECVQ3X', NULL, NULL, NULL, NULL, NULL, NULL),
(324, '24569874', '5SPH3QXZXQZK', NULL, NULL, NULL, NULL, NULL, NULL),
(325, '65523334', 'R8XN8QRLRMME', NULL, NULL, NULL, NULL, NULL, NULL),
(326, '93962264', 'HM3XDZR3ZY8F', NULL, NULL, NULL, NULL, NULL, NULL),
(327, '67896457', '5XGFJP2VD2VK', NULL, NULL, NULL, NULL, NULL, NULL),
(328, '96436789', 'LQ8TA9X6YJTD', NULL, NULL, NULL, NULL, NULL, NULL),
(329, '42288386', 'KA3PM5P4GMSL', NULL, NULL, NULL, NULL, NULL, NULL),
(330, '45549938', 'W6JHSP9EKZ3R', NULL, NULL, NULL, NULL, NULL, NULL),
(331, '29489546', '5BGAHLLPCSWP', NULL, NULL, NULL, NULL, NULL, NULL),
(332, '34246994', 'ESJCGW4FYMFJ', NULL, NULL, NULL, NULL, NULL, NULL),
(333, '28377929', 'NP8AYDZEBCGV', NULL, NULL, NULL, NULL, NULL, NULL),
(334, '77754359', '7GVSMJV4USXM', NULL, NULL, NULL, NULL, NULL, NULL),
(335, '34549363', 'MCAX5HSZM2FR', NULL, NULL, NULL, NULL, NULL, NULL),
(336, '95775299', 'MGFKYRM4P6QZ', NULL, NULL, NULL, NULL, NULL, NULL),
(337, '35725566', 'FS5D5DVHJBX4', NULL, NULL, NULL, NULL, NULL, NULL),
(338, '26535467', 'WW72DQFHR3QZ', NULL, NULL, NULL, NULL, NULL, NULL),
(339, '35935875', 'WRSA52SY3SDC', NULL, NULL, NULL, NULL, NULL, NULL),
(340, '26244279', 'ZK4F7UUVPZC4', NULL, NULL, NULL, NULL, NULL, NULL),
(341, '54942754', '9VNRL4MFATPG', NULL, NULL, NULL, NULL, NULL, NULL),
(342, '74487492', 'GN59B7XKCCWA', NULL, NULL, NULL, NULL, NULL, NULL),
(343, '33976356', 'UZZ3WPCTLP8K', NULL, NULL, NULL, NULL, NULL, NULL),
(344, '39499544', 'TPBEMHVGG5VQ', NULL, NULL, NULL, NULL, NULL, NULL),
(345, '69682785', 'NGXDJSR5QGLP', NULL, NULL, NULL, NULL, NULL, NULL),
(346, '46338235', '664HCWXCF6X5', NULL, NULL, NULL, NULL, NULL, NULL),
(347, '38459559', 'WV5RBAYQDP7G', NULL, NULL, NULL, NULL, NULL, NULL),
(348, '85448342', 'R4ZJCWX3XNJ6', NULL, NULL, NULL, NULL, NULL, NULL),
(349, '72237927', '8S3ZFAW9PD4L', NULL, NULL, NULL, NULL, NULL, NULL),
(350, '49346694', 'SQYGPJXJN8VL', NULL, NULL, NULL, NULL, NULL, NULL),
(351, '42877263', 'UWVXTT4HL42L', NULL, NULL, NULL, NULL, NULL, NULL),
(352, '74748948', 'EUWFAWGYXQQB', NULL, NULL, NULL, NULL, NULL, NULL),
(353, '74956937', 'PZMVRD2NPAGD', NULL, NULL, NULL, NULL, NULL, NULL),
(354, '74542997', 'YQKXCLZKKGD2', NULL, NULL, NULL, NULL, NULL, NULL),
(355, '74455767', '4CPLN27XH29W', NULL, NULL, NULL, NULL, NULL, NULL),
(356, '56586777', 'VGBM3F4T22XR', NULL, NULL, NULL, NULL, NULL, NULL),
(357, '28633227', 'AVJC3XVXGGFW', NULL, NULL, NULL, NULL, NULL, NULL),
(358, '52654845', '4VM9NV6BS2EK', NULL, NULL, NULL, NULL, NULL, NULL),
(359, '33492359', '43WNUSMKWR4H', NULL, NULL, NULL, NULL, NULL, NULL),
(360, '27672732', 'FCCLYNNXU6LL', NULL, NULL, NULL, NULL, NULL, NULL),
(361, '59783797', '4WVN7XFTZ98Q', NULL, NULL, NULL, NULL, NULL, NULL),
(362, '34397255', 'D6WKNU22FKNM', NULL, NULL, NULL, NULL, NULL, NULL),
(363, '98562264', '36WC3WJGEXRU', NULL, NULL, NULL, NULL, NULL, NULL),
(364, '29423999', '8XL43N3QKWDT', NULL, NULL, NULL, NULL, NULL, NULL),
(365, '36968656', '94MJ9RCBWLST', NULL, NULL, NULL, NULL, NULL, NULL),
(366, '94922376', 'JYB7AKH875LZ', NULL, NULL, NULL, NULL, NULL, NULL),
(367, '87895955', 'TT7UEZUQ5Y2C', NULL, NULL, NULL, NULL, NULL, NULL),
(368, '49388884', 'BWKQG6JXB5SA', NULL, NULL, NULL, NULL, NULL, NULL),
(369, '59728748', 'KPUAH2B5KFCZ', NULL, NULL, NULL, NULL, NULL, NULL),
(370, '66932549', 'GP2FU79JBZMC', NULL, NULL, NULL, NULL, NULL, NULL),
(371, '93299565', '2M9C275NQRJ5', NULL, NULL, NULL, NULL, NULL, NULL),
(372, '88658835', 'V54WBU8RJ4TT', NULL, NULL, NULL, NULL, NULL, NULL),
(373, '37292855', '96MEN4A7H6UM', NULL, NULL, NULL, NULL, NULL, NULL),
(374, '79634483', 'HRRXN7PQGPU8', NULL, NULL, NULL, NULL, NULL, NULL),
(375, '77765979', 'D9LRPP662UWD', NULL, NULL, NULL, NULL, NULL, NULL),
(376, '27638824', 'PEMBBAMQCRFN', NULL, NULL, NULL, NULL, NULL, NULL),
(377, '24476726', 'EA83ZTS6SPGP', NULL, NULL, NULL, NULL, NULL, NULL),
(378, '86453794', '6PG6WJH3KN8Z', NULL, NULL, NULL, NULL, NULL, NULL),
(379, '32794563', 'J8YCXWNNJJBW', NULL, NULL, NULL, NULL, NULL, NULL),
(380, '88439825', 'ZQZKBHXC5E6D', NULL, NULL, NULL, NULL, NULL, NULL),
(381, '44822862', 'SJR68SLQCKLC', NULL, NULL, NULL, NULL, NULL, NULL),
(382, '68734777', 'P2YX2SR24V7Z', NULL, NULL, NULL, NULL, NULL, NULL),
(383, '26473958', 'MGNM2WGUWNCY', NULL, NULL, NULL, NULL, NULL, NULL),
(384, '38475452', '82KWFB4S2FVM', NULL, NULL, NULL, NULL, NULL, NULL),
(385, '29269955', 'BJLR6BD857TB', NULL, NULL, NULL, NULL, NULL, NULL),
(386, '56836235', 'T48FMQBRMHL3', NULL, NULL, NULL, NULL, NULL, NULL),
(387, '89256375', 'KKQEF67LGEGU', NULL, NULL, NULL, NULL, NULL, NULL),
(388, '87953722', 'S2QLYD5XQCE7', NULL, NULL, NULL, NULL, NULL, NULL),
(389, '89476765', '5EKQG8HFHKHB', NULL, NULL, NULL, NULL, NULL, NULL),
(390, '52393837', 'EFTBEMGLABZC', NULL, NULL, NULL, NULL, NULL, NULL),
(391, '85428889', 'X24D2J8NZ67D', NULL, NULL, NULL, NULL, NULL, NULL),
(392, '88984786', 'UUXMTDUS78M8', NULL, NULL, NULL, NULL, NULL, NULL),
(393, '47843249', 'YZYK4V4YDG3Q', NULL, NULL, NULL, NULL, NULL, NULL),
(394, '75493735', 'P238Q8YA4524', NULL, NULL, NULL, NULL, NULL, NULL),
(395, '96676734', 'YTC7V37C9BR8', NULL, NULL, NULL, NULL, NULL, NULL),
(396, '45863246', 'MSK9F7M9S7LV', NULL, NULL, NULL, NULL, NULL, NULL),
(397, '87372236', 'C4S3685U3GBJ', NULL, NULL, NULL, NULL, NULL, NULL),
(398, '23355276', 'FXBBNU4P3HVV', NULL, NULL, NULL, NULL, NULL, NULL),
(399, '78447672', 'CSV59QNGAABW', NULL, NULL, NULL, NULL, NULL, NULL),
(400, '65477654', 'JDAL24KNMFWE', NULL, NULL, NULL, NULL, NULL, NULL),
(401, '85583582', 'F5NSWCBWHHVD', NULL, NULL, NULL, NULL, NULL, NULL),
(402, '79798668', 'N3DYNR2N9SPZ', NULL, NULL, NULL, NULL, NULL, NULL),
(403, '73488856', 'RBAEVSJTACML', NULL, NULL, NULL, NULL, NULL, NULL),
(404, '89768565', '2ZHEG9CGEUUQ', NULL, NULL, NULL, NULL, NULL, NULL),
(405, '38526438', 'KGFLRL4MWK8Y', NULL, NULL, NULL, NULL, NULL, NULL),
(406, '62252423', 'YWBCCKDRZ6CY', NULL, NULL, NULL, NULL, NULL, NULL),
(407, '93479348', 'KVWTYFGP7J3L', NULL, NULL, NULL, NULL, NULL, NULL),
(408, '96984352', '5WJ2Z5C48SMD', NULL, NULL, NULL, NULL, NULL, NULL),
(409, '98542942', '74LDDJZLVVXS', NULL, NULL, NULL, NULL, NULL, NULL),
(410, '78557284', 'EKQZELZKMNNQ', NULL, NULL, NULL, NULL, NULL, NULL),
(411, '96498337', '9L9CAYJMR3TE', NULL, NULL, NULL, NULL, NULL, NULL),
(412, '33646826', 'L8NVTBL5LHYW', NULL, NULL, NULL, NULL, NULL, NULL),
(413, '47587294', 'JU4B4T2YB9HN', NULL, NULL, NULL, NULL, NULL, NULL),
(414, '26635832', 'PQ88X62SU8ZZ', NULL, NULL, NULL, NULL, NULL, NULL),
(415, '95643423', '6VREVLBQVG2G', NULL, NULL, NULL, NULL, NULL, NULL),
(416, '85974494', 'WAV52DQCYD6W', NULL, NULL, NULL, NULL, NULL, NULL),
(417, '83335399', 'KXEM44L6WTRW', NULL, NULL, NULL, NULL, NULL, NULL),
(418, '73527656', 'M9WS63NEGR3T', NULL, NULL, NULL, NULL, NULL, NULL),
(419, '82375395', '5XABKMA7G2H4', NULL, NULL, NULL, NULL, NULL, NULL),
(420, '59228348', 'NP3Q4E9BZ2WS', NULL, NULL, NULL, NULL, NULL, NULL),
(421, '74385275', '7WCFV7BS5B6F', NULL, NULL, NULL, NULL, NULL, NULL),
(422, '47237744', '6XECG7KZ6K4J', NULL, NULL, NULL, NULL, NULL, NULL),
(423, '47729637', 'YNV3J8BB3KS5', NULL, NULL, NULL, NULL, NULL, NULL),
(424, '47479858', 'AGSZMJTWYF7W', NULL, NULL, NULL, NULL, NULL, NULL),
(425, '69875258', '9FDE8234W74M', NULL, NULL, NULL, NULL, NULL, NULL),
(426, '49355626', 'CJZDFW7GX73E', NULL, NULL, NULL, NULL, NULL, NULL),
(427, '47929675', 'GDLZTMZWD9JW', NULL, NULL, NULL, NULL, NULL, NULL),
(428, '85256293', '2KR4PEB9G34F', NULL, NULL, NULL, NULL, NULL, NULL),
(429, '98349988', 'QYPC8YDH9RPX', NULL, NULL, NULL, NULL, NULL, NULL),
(430, '59923232', 'B4R3VNCSUMEX', NULL, NULL, NULL, NULL, NULL, NULL),
(431, '59288944', 'RBVGSDGCQM2Y', NULL, NULL, NULL, NULL, NULL, NULL),
(432, '83934389', 'AF8CDL3FG56X', NULL, NULL, NULL, NULL, NULL, NULL),
(433, '98362494', 'XEDNBUYWWZPJ', NULL, NULL, NULL, NULL, NULL, NULL),
(434, '59963567', '366RNMKBP554', NULL, NULL, NULL, NULL, NULL, NULL),
(435, '42445676', '93PNE3UAHKB4', NULL, NULL, NULL, NULL, NULL, NULL),
(436, '88896268', 'SDAQMSD5KDTQ', NULL, NULL, NULL, NULL, NULL, NULL),
(437, '43696293', '2GV7HY42LDL5', NULL, NULL, NULL, NULL, NULL, NULL),
(438, '84382795', 'JKH7ZFH7KSA9', NULL, NULL, NULL, NULL, NULL, NULL),
(439, '25299949', 'KDR9F4GJ2RC9', NULL, NULL, NULL, NULL, NULL, NULL),
(440, '77476755', 'GFS8QXNN3AAF', NULL, NULL, NULL, NULL, NULL, NULL),
(441, '23255386', 'DEQLBBAMUZUC', NULL, NULL, NULL, NULL, NULL, NULL),
(442, '54472253', 'YCS6QH4VBZRP', NULL, NULL, NULL, NULL, NULL, NULL),
(443, '38389764', 'KH556AGXWBA2', NULL, NULL, NULL, NULL, NULL, NULL),
(444, '34487922', 'LSACBYMR597F', NULL, NULL, NULL, NULL, NULL, NULL),
(445, '45724836', 'S7QFYLT82TZD', NULL, NULL, NULL, NULL, NULL, NULL),
(446, '23788323', '5BGZ7JNGXE8T', NULL, NULL, NULL, NULL, NULL, NULL),
(447, '26825564', 'HEUTFESHT2JG', NULL, NULL, NULL, NULL, NULL, NULL),
(448, '38446233', '3JR9CD3UKEN5', NULL, NULL, NULL, NULL, NULL, NULL),
(449, '68992467', 'P92838QLQLZR', NULL, NULL, NULL, NULL, NULL, NULL),
(450, '76764889', '3LDU5WJXPEPY', NULL, NULL, NULL, NULL, NULL, NULL),
(451, '79296832', 'GTEE5PQZY2AZ', NULL, NULL, NULL, NULL, NULL, NULL),
(452, '43677553', 'RAUARFFWSHLD', NULL, NULL, NULL, NULL, NULL, NULL),
(453, '73396553', '7YG27RCZBH87', NULL, NULL, NULL, NULL, NULL, NULL),
(454, '73898695', '8C7NZ543KLZ9', NULL, NULL, NULL, NULL, NULL, NULL),
(455, '39987879', '6J5WHNW9P9XX', NULL, NULL, NULL, NULL, NULL, NULL),
(456, '89589762', '4EYCJUP7MJ62', NULL, NULL, NULL, NULL, NULL, NULL),
(457, '28395726', 'WRNGWU2JFGT3', NULL, NULL, NULL, NULL, NULL, NULL),
(458, '44283426', 'J8K7VA6J7AJB', NULL, NULL, NULL, NULL, NULL, NULL),
(459, '77795388', '8BKH5KBY5U55', NULL, NULL, NULL, NULL, NULL, NULL),
(460, '69546279', 'GDALL92DZ4QP', NULL, NULL, NULL, NULL, NULL, NULL),
(461, '78729622', 'PMTHQM84CF84', NULL, NULL, NULL, NULL, NULL, NULL),
(462, '95828363', 'HVTQ9NWX5YKC', NULL, NULL, NULL, NULL, NULL, NULL),
(463, '29532333', 'VBPMXJXSMKDQ', NULL, NULL, NULL, NULL, NULL, NULL),
(464, '93323698', 'LD4HE4JGZBCJ', NULL, NULL, NULL, NULL, NULL, NULL),
(465, '53793793', 'ALQRPG6VUPXM', NULL, NULL, NULL, NULL, NULL, NULL),
(466, '37329323', 'KYQBH69PTVD3', NULL, NULL, NULL, NULL, NULL, NULL),
(467, '75825925', 'WL8PUJPDRR7H', NULL, NULL, NULL, NULL, NULL, NULL),
(468, '98898698', 'JKYTWFP6W6XQ', NULL, NULL, NULL, NULL, NULL, NULL),
(469, '68348226', 'LHK6AWQKLKMT', NULL, NULL, NULL, NULL, NULL, NULL),
(470, '83838997', '4NVUQFKSXGPX', NULL, NULL, NULL, NULL, NULL, NULL),
(471, '76482298', 'EE8KRFJCNBJ4', NULL, NULL, NULL, NULL, NULL, NULL),
(472, '42332449', 'Y7FDPYGXG6FP', NULL, NULL, NULL, NULL, NULL, NULL),
(473, '45265598', 'CWNFZWBAYBM3', NULL, NULL, NULL, NULL, NULL, NULL),
(474, '33455272', 'SX8TDNP8V8SN', NULL, NULL, NULL, NULL, NULL, NULL),
(475, '97542832', 'D6Z8R6BEG9KA', NULL, NULL, NULL, NULL, NULL, NULL),
(476, '82988979', '44A7HCGQR5PZ', NULL, NULL, NULL, NULL, NULL, NULL),
(477, '65897885', 'QMQFQXC2Q63R', NULL, NULL, NULL, NULL, NULL, NULL),
(478, '22556323', '6Q4YGYLAEPQA', NULL, NULL, NULL, NULL, NULL, NULL),
(479, '94973794', 'BTL3Q65RRUG2', NULL, NULL, NULL, NULL, NULL, NULL),
(480, '68399689', 'PWAUK7RAPJ5A', NULL, NULL, NULL, NULL, NULL, NULL),
(481, '67539528', 'FA6PWHDXBTE3', NULL, NULL, NULL, NULL, NULL, NULL),
(482, '38349336', '3TQ5UC2V33X2', NULL, NULL, NULL, NULL, NULL, NULL),
(483, '92679247', 'GSWXRJAY6YNS', NULL, NULL, NULL, NULL, NULL, NULL),
(484, '27566329', 'QB4BVRTQEEWF', NULL, NULL, NULL, NULL, NULL, NULL),
(485, '35367899', 'ASD6R7PJ8GKQ', NULL, NULL, NULL, NULL, NULL, NULL),
(486, '29555283', 'PBYFZ9J44HGZ', NULL, NULL, NULL, NULL, NULL, NULL),
(487, '55577233', 'PZEJUFL6C43P', NULL, NULL, NULL, NULL, NULL, NULL),
(488, '88753845', 'EYKL7M9SKTSJ', NULL, NULL, NULL, NULL, NULL, NULL),
(489, '33759783', 'ZZCACHQS68NC', NULL, NULL, NULL, NULL, NULL, NULL),
(490, '58634469', 'ENYYTGW7KGBX', NULL, NULL, NULL, NULL, NULL, NULL),
(491, '85265394', '8AGEBUV76Y8R', NULL, NULL, NULL, NULL, NULL, NULL),
(492, '97992549', 'N693JPWT996Z', NULL, NULL, NULL, NULL, NULL, NULL),
(493, '93377467', 'CU8RNQLCV8Q4', NULL, NULL, NULL, NULL, NULL, NULL),
(494, '85682629', 'BKXD7EGEL4UQ', NULL, NULL, NULL, NULL, NULL, NULL),
(495, '55644968', 'ZBUEW7J5CAC3', NULL, NULL, NULL, NULL, NULL, NULL),
(496, '54239572', 'NKCMJVNZVN4D', NULL, NULL, NULL, NULL, NULL, NULL),
(497, '28843653', 'MX72486FK5XZ', NULL, NULL, NULL, NULL, NULL, NULL),
(498, '57235689', 'D7CMF9VKVJXR', NULL, NULL, NULL, NULL, NULL, NULL),
(499, '23263726', 'MNHKPKH55RWG', NULL, NULL, NULL, NULL, NULL, NULL),
(500, '93244873', 'HCQLCTNKTVLR', NULL, NULL, NULL, NULL, NULL, NULL),
(501, '88875642', 'AGA7HQ4828E9', NULL, NULL, NULL, NULL, NULL, NULL),
(502, '36687398', 'Q533ARTBLCXS', NULL, NULL, NULL, NULL, NULL, NULL),
(503, '73782296', '5H9PFU9MTE5E', NULL, NULL, NULL, NULL, NULL, NULL),
(504, '99695228', 'J978SVA3W4J5', NULL, NULL, NULL, NULL, NULL, NULL),
(505, '95548939', 'XX82TMQKKADW', NULL, NULL, NULL, NULL, NULL, NULL),
(506, '22367627', 'B3JE3MWQD2L6', NULL, NULL, NULL, NULL, NULL, NULL),
(507, '23242935', 'UBMPYA6BG539', NULL, NULL, NULL, NULL, NULL, NULL),
(508, '65677858', 'UASQXZ3JH9V9', NULL, NULL, NULL, NULL, NULL, NULL),
(509, '69673899', 'F7G6FL8QJMPK', NULL, NULL, NULL, NULL, NULL, NULL),
(510, '78266898', '3R7XAB98999P', NULL, NULL, NULL, NULL, NULL, NULL),
(511, '25525733', '9QT8NW8GJHT8', NULL, NULL, NULL, NULL, NULL, NULL),
(512, '86953429', '9KSAJZYAF2JK', NULL, NULL, NULL, NULL, NULL, NULL),
(513, '77723745', 'SGFF4YH9KXX6', NULL, NULL, NULL, NULL, NULL, NULL),
(514, '86852897', 'UBX59CA8BPVK', NULL, NULL, NULL, NULL, NULL, NULL),
(515, '75259988', 'KFW4VG9F73EP', NULL, NULL, NULL, NULL, NULL, NULL),
(516, '86633976', 'GNS9KAHJ2E6J', NULL, NULL, NULL, NULL, NULL, NULL),
(517, '64478685', 'A32WEMCF4ARU', NULL, NULL, NULL, NULL, NULL, NULL),
(518, '72229866', 'MG4ST8LX5TFU', NULL, NULL, NULL, NULL, NULL, NULL),
(519, '98977282', 'ZSGHMSGDMP4U', NULL, NULL, NULL, NULL, NULL, NULL),
(520, '22626283', 'HNCFD644SYS5', NULL, NULL, NULL, NULL, NULL, NULL),
(521, '54769273', '2G6AJ93EYQE7', NULL, NULL, NULL, NULL, NULL, NULL),
(522, '76244492', 'LGC8ASX58VWQ', NULL, NULL, NULL, NULL, NULL, NULL),
(523, '56255537', '67GD52YSRHBW', NULL, NULL, NULL, NULL, NULL, NULL),
(524, '86255694', 'XCQMR2P95RNR', NULL, NULL, NULL, NULL, NULL, NULL),
(525, '52639524', '9NA27W2VU6DJ', NULL, NULL, NULL, NULL, NULL, NULL),
(526, '42453423', 'ETUBAYK6UVTL', NULL, NULL, NULL, NULL, NULL, NULL),
(527, '35826379', 'MQZHWUNPMB9L', NULL, NULL, NULL, NULL, NULL, NULL),
(528, '85422222', 'YSPMLKHU5EGL', NULL, NULL, NULL, NULL, NULL, NULL),
(529, '39833597', '7N4GZN2WYURM', NULL, NULL, NULL, NULL, NULL, NULL),
(530, '83865947', '82AEAD9X9FRL', NULL, NULL, NULL, NULL, NULL, NULL),
(531, '43773582', 'E6Q7XGNGLDHG', NULL, NULL, NULL, NULL, NULL, NULL),
(532, '26233596', 'TR4LGVVTFEZ7', NULL, NULL, NULL, NULL, NULL, NULL),
(533, '86737384', '9ABJCPKBYQ2L', NULL, NULL, NULL, NULL, NULL, NULL),
(534, '52275988', '39VVCAUNZHPS', NULL, NULL, NULL, NULL, NULL, NULL),
(535, '83558585', 'WW7KKK23BMGX', NULL, NULL, NULL, NULL, NULL, NULL),
(536, '88697459', '8P99R93SU4EH', NULL, NULL, NULL, NULL, NULL, NULL),
(537, '77833852', 'W9YTHDBGF8NR', NULL, NULL, NULL, NULL, NULL, NULL),
(538, '52826298', '64QMGCHJ6VFA', NULL, NULL, NULL, NULL, NULL, NULL),
(539, '97493897', 'CQJ3VQ5Q22P8', NULL, NULL, NULL, NULL, NULL, NULL),
(540, '93824888', 'KPMN6F2XU58T', NULL, NULL, NULL, NULL, NULL, NULL),
(541, '39368555', 'LN7SWKC2424A', NULL, NULL, NULL, NULL, NULL, NULL),
(542, '79773952', 'P6X4YD9EKLAV', NULL, NULL, NULL, NULL, NULL, NULL),
(543, '52235635', 'BDUGEMLLRT7Y', NULL, NULL, NULL, NULL, NULL, NULL),
(544, '96986784', 'NMPAFJKL4FQB', NULL, NULL, NULL, NULL, NULL, NULL),
(545, '96346729', '4R5AAUM33GPK', NULL, NULL, NULL, NULL, NULL, NULL),
(546, '76825283', 'LCFEYHKQKESU', NULL, NULL, NULL, NULL, NULL, NULL),
(547, '89936929', 'VYVTQYYNFC5N', NULL, NULL, NULL, NULL, NULL, NULL),
(548, '38246448', 'DZVK8QCCRLXC', NULL, NULL, NULL, NULL, NULL, NULL),
(549, '88542464', 'CCTX499ZW4ST', NULL, NULL, NULL, NULL, NULL, NULL),
(550, '39428799', 'XN8RRAXCAKXK', NULL, NULL, NULL, NULL, NULL, NULL),
(551, '56423955', 'JJZKATN8D4XU', NULL, NULL, NULL, NULL, NULL, NULL),
(552, '78288487', 'NXSN9TPCQG7T', NULL, NULL, NULL, NULL, NULL, NULL),
(553, '37488552', '34KHTVBUTWZZ', NULL, NULL, NULL, NULL, NULL, NULL),
(554, '54539258', 'G2NCLVJVWNC3', NULL, NULL, NULL, NULL, NULL, NULL),
(555, '85525623', '938H783J2NA4', NULL, NULL, NULL, NULL, NULL, NULL),
(556, '97245885', 'CAQH8UM3KY69', NULL, NULL, NULL, NULL, NULL, NULL),
(557, '27434875', '3DNLHFDH9XPL', NULL, NULL, NULL, NULL, NULL, NULL),
(558, '96548377', 'JEKYRZK4G8BD', NULL, NULL, NULL, NULL, NULL, NULL),
(559, '87465352', 'UVE8Q7PXE663', NULL, NULL, NULL, NULL, NULL, NULL),
(560, '55825728', 'FUT53U82RGJQ', NULL, NULL, NULL, NULL, NULL, NULL),
(561, '25553948', 'NVY9U8VBYJL3', NULL, NULL, NULL, NULL, NULL, NULL),
(562, '54249374', 'K5ZKWFWZLFJL', NULL, NULL, NULL, NULL, NULL, NULL),
(563, '38397385', '5TPN3R658MTB', NULL, NULL, NULL, NULL, NULL, NULL),
(564, '28326498', 'EBF8ZRYF2RVD', NULL, NULL, NULL, NULL, NULL, NULL),
(565, '98382826', 'KAX6S2BTB995', NULL, NULL, NULL, NULL, NULL, NULL),
(566, '77253583', 'NQVPPMJCEBPZ', NULL, NULL, NULL, NULL, NULL, NULL),
(567, '39878747', 'B98GR33MX9SZ', NULL, NULL, NULL, NULL, NULL, NULL),
(568, '35378448', 'KWE2USD86F38', NULL, NULL, NULL, NULL, NULL, NULL),
(569, '24345753', 'Q7YZTPUGF7QR', NULL, NULL, NULL, NULL, NULL, NULL),
(570, '52772554', 'ZWJ6GKM7TQN6', NULL, NULL, NULL, NULL, NULL, NULL),
(571, '55883669', 'E4NJKX54LG5P', NULL, NULL, NULL, NULL, NULL, NULL),
(572, '65539957', '7ZZ5A9CM5QCU', NULL, NULL, NULL, NULL, NULL, NULL),
(573, '66592653', '9RGNUZ4YGNCG', NULL, NULL, NULL, NULL, NULL, NULL),
(574, '25938693', 'KWTPWT9XDFAZ', NULL, NULL, NULL, NULL, NULL, NULL),
(575, '83936853', 'FJAQNP79LNK6', NULL, NULL, NULL, NULL, NULL, NULL),
(576, '57384952', 'JRLR867X2VWL', NULL, NULL, NULL, NULL, NULL, NULL),
(577, '93642736', 'JGRMNRWXNFUX', NULL, NULL, NULL, NULL, NULL, NULL),
(578, '75588295', 'HZD7NQC5JFWR', NULL, NULL, NULL, NULL, NULL, NULL),
(579, '69235357', 'MSEL6KGVVU4Y', NULL, NULL, NULL, NULL, NULL, NULL),
(580, '74984538', '9UY7BWPBVDHH', NULL, NULL, NULL, NULL, NULL, NULL),
(581, '76973979', 'HS3XK9M8EP6S', NULL, NULL, NULL, NULL, NULL, NULL),
(582, '36543655', 'V64WLUVKZ35R', NULL, NULL, NULL, NULL, NULL, NULL),
(583, '94793466', 'X9FX7YM4UF8E', NULL, NULL, NULL, NULL, NULL, NULL),
(584, '94754878', 'MQYD7URTVHTU', NULL, NULL, NULL, NULL, NULL, NULL),
(585, '44597886', 'GHTDP6TCY5RR', NULL, NULL, NULL, NULL, NULL, NULL),
(586, '99568438', 'ZZNYK2EDC3HY', NULL, NULL, NULL, NULL, NULL, NULL),
(587, '87453627', 'ZP5TLSVG8NEV', NULL, NULL, NULL, NULL, NULL, NULL),
(588, '38647794', 'SN42VAURSS5E', NULL, NULL, NULL, NULL, NULL, NULL),
(589, '88258475', '9NPLNPMHQU5Z', NULL, NULL, NULL, NULL, NULL, NULL),
(590, '95465293', '6AW3Y36YEUJF', NULL, NULL, NULL, NULL, NULL, NULL),
(591, '47346256', 'B4LRQHG4WQJE', NULL, NULL, NULL, NULL, NULL, NULL),
(592, '63484685', 'ZTT45X939M29', NULL, NULL, NULL, NULL, NULL, NULL),
(593, '63424757', 'ES6SRX3D4TJM', NULL, NULL, NULL, NULL, NULL, NULL),
(594, '44546854', 'SM7ZGF8HYPDB', NULL, NULL, NULL, NULL, NULL, NULL),
(595, '89227487', 'UNXD7QS4YT7J', NULL, NULL, NULL, NULL, NULL, NULL),
(596, '79949823', 'SKBQLTNYRRFJ', NULL, NULL, NULL, NULL, NULL, NULL),
(597, '29673687', 'MFATNTSGLHPY', NULL, NULL, NULL, NULL, NULL, NULL),
(598, '54333376', 'EAYAYPL4KHPE', NULL, NULL, NULL, NULL, NULL, NULL),
(599, '42569293', 'X7X6PKLLA8WF', NULL, NULL, NULL, NULL, NULL, NULL),
(600, '32924292', 'NX24QNFG4AXA', NULL, NULL, NULL, NULL, NULL, NULL),
(601, '25799624', 'CSPQW4LCVDR7', NULL, NULL, NULL, NULL, NULL, NULL),
(602, '64942876', 'S9QSG5EXEKLS', NULL, NULL, NULL, NULL, NULL, NULL),
(603, '64753679', '72P6M3NPF5U8', NULL, NULL, NULL, NULL, NULL, NULL),
(604, '23653743', 'VHUN2823QH4T', NULL, NULL, NULL, NULL, NULL, NULL),
(605, '99557898', 'CPRQL8VRUSE2', NULL, NULL, NULL, NULL, NULL, NULL),
(606, '69977532', 'DB6W788K8TAD', NULL, NULL, NULL, NULL, NULL, NULL),
(607, '38967452', '94HLKVGGDF5A', NULL, NULL, NULL, NULL, NULL, NULL),
(608, '67565359', 'QKY9WESHKCR2', NULL, NULL, NULL, NULL, NULL, NULL),
(609, '62525964', 'Q6JPCCGGRQFX', NULL, NULL, NULL, NULL, NULL, NULL),
(610, '96564326', '6XJ56SA4B94Y', NULL, NULL, NULL, NULL, NULL, NULL),
(611, '22288438', '3Y7XVVE87EMV', NULL, NULL, NULL, NULL, NULL, NULL),
(612, '24922893', 'QC9589PNZHUG', NULL, NULL, NULL, NULL, NULL, NULL),
(613, '57552692', '9YSY3DZWPWV6', NULL, NULL, NULL, NULL, NULL, NULL),
(614, '48928767', 'G4ET5MWXC5KS', NULL, NULL, NULL, NULL, NULL, NULL),
(615, '89785933', 'L3JFEYMAQKMK', NULL, NULL, NULL, NULL, NULL, NULL),
(616, '25725994', 'WLNNPW24V4JU', NULL, NULL, NULL, NULL, NULL, NULL),
(617, '87759379', '5LBVQTJDGV7Q', NULL, NULL, NULL, NULL, NULL, NULL),
(618, '75797524', '4JMURQZWMXCL', NULL, NULL, NULL, NULL, NULL, NULL),
(619, '47448536', '9VW82TRW8MQW', NULL, NULL, NULL, NULL, NULL, NULL),
(620, '84294489', 'V3SM2RZ7A7DL', NULL, NULL, NULL, NULL, NULL, NULL),
(621, '38885754', 'YXPJWETFRLRW', NULL, NULL, NULL, NULL, NULL, NULL),
(622, '23588832', 'RRDVL9KMAP9F', NULL, NULL, NULL, NULL, NULL, NULL),
(623, '62724923', 'QQFFQ6Q4SXPD', NULL, NULL, NULL, NULL, NULL, NULL),
(624, '77957328', '2QQFS7G35WPN', NULL, NULL, NULL, NULL, NULL, NULL),
(625, '92985634', '5Y2WJJZ4RKGA', NULL, NULL, NULL, NULL, NULL, NULL),
(626, '57765599', 'V3Z7W2MKQ43Q', NULL, NULL, NULL, NULL, NULL, NULL),
(627, '26227797', 'W8Y7URDZUC4Z', NULL, NULL, NULL, NULL, NULL, NULL),
(628, '83376855', 'PEA9FZVFUACJ', NULL, NULL, NULL, NULL, NULL, NULL),
(629, '57949525', 'KX4USDBCWXPC', NULL, NULL, NULL, NULL, NULL, NULL),
(630, '98838639', '3X9EB9RWRF5A', NULL, NULL, NULL, NULL, NULL, NULL),
(631, '39465575', 'KXUW3M78T7AU', NULL, NULL, NULL, NULL, NULL, NULL),
(632, '22873583', 'N5X8UCHWTPAS', NULL, NULL, NULL, NULL, NULL, NULL),
(633, '95694656', '6S2AFZH4ZF45', NULL, NULL, NULL, NULL, NULL, NULL),
(634, '67535649', '5PXTJDNC7DTF', NULL, NULL, NULL, NULL, NULL, NULL),
(635, '94958623', 'U9534NMGSX5K', NULL, NULL, NULL, NULL, NULL, NULL),
(636, '28259827', 'B68AKQTFCWF3', NULL, NULL, NULL, NULL, NULL, NULL),
(637, '22578967', '8K9QXJ77RWBP', NULL, NULL, NULL, NULL, NULL, NULL),
(638, '56665597', 'YFDGRTU45KVB', NULL, NULL, NULL, NULL, NULL, NULL),
(639, '97873627', '3QETQ68RXTEU', NULL, NULL, NULL, NULL, NULL, NULL),
(640, '77448965', 'K9MV6DZFH2KU', NULL, NULL, NULL, NULL, NULL, NULL),
(641, '54959992', 'FKLREUW5TWVR', NULL, NULL, NULL, NULL, NULL, NULL),
(642, '58629598', 'PEF7BGEC5FN4', NULL, NULL, NULL, NULL, NULL, NULL),
(643, '33924768', '2K8L8ZTXNJXB', NULL, NULL, NULL, NULL, NULL, NULL),
(644, '58697632', 'P38QZHMRDSPV', NULL, NULL, NULL, NULL, NULL, NULL),
(645, '45387552', 'YWK5C4EZDBAH', NULL, NULL, NULL, NULL, NULL, NULL),
(646, '69355255', 'FUKH2K3VLHZR', NULL, NULL, NULL, NULL, NULL, NULL),
(647, '49553949', 'YZ7Z5QUNGKAW', NULL, NULL, NULL, NULL, NULL, NULL),
(648, '92438785', 'MDW99MDD2VY6', NULL, NULL, NULL, NULL, NULL, NULL),
(649, '55874326', 'DXRT4NCHKGGQ', NULL, NULL, NULL, NULL, NULL, NULL),
(650, '42664789', 'P52RQANG7L6S', NULL, NULL, NULL, NULL, NULL, NULL),
(651, '39722985', '8SGWVSQLRP7B', NULL, NULL, NULL, NULL, NULL, NULL),
(652, '39329227', 'APEKXD8JBJHL', NULL, NULL, NULL, NULL, NULL, NULL),
(653, '76787235', 'GLLD7UV8DGXA', NULL, NULL, NULL, NULL, NULL, NULL),
(654, '38546986', 'GVJGY9UECY4X', NULL, NULL, NULL, NULL, NULL, NULL),
(655, '39985642', 'J6D2XHUK3H44', NULL, NULL, NULL, NULL, NULL, NULL),
(656, '97248868', 'V8YGELT2WVSB', NULL, NULL, NULL, NULL, NULL, NULL),
(657, '29422653', 'X597QF7H9U4P', NULL, NULL, NULL, NULL, NULL, NULL),
(658, '98575776', 'RECBN9MV9UUQ', NULL, NULL, NULL, NULL, NULL, NULL),
(659, '45354959', 'N59VNW7TMARM', NULL, NULL, NULL, NULL, NULL, NULL),
(660, '23797536', 'RKQFLE3C7R7F', NULL, NULL, NULL, NULL, NULL, NULL),
(661, '84628847', 'W4MALTR4M3WN', NULL, NULL, NULL, NULL, NULL, NULL),
(662, '83858325', 'M9UE7VQQFLSC', NULL, NULL, NULL, NULL, NULL, NULL),
(663, '74987494', '2HXY22T35PEV', NULL, NULL, NULL, NULL, NULL, NULL),
(664, '23633722', 'N8SD8845X65Y', NULL, NULL, NULL, NULL, NULL, NULL),
(665, '69744853', '8QCK9DP96397', NULL, NULL, NULL, NULL, NULL, NULL),
(666, '65853562', 'JYSA3KLTGMDX', NULL, NULL, NULL, NULL, NULL, NULL),
(667, '75589656', '6VJCWBD6VTL9', NULL, NULL, NULL, NULL, NULL, NULL),
(668, '24829673', 'ZAZF76QF7U8A', NULL, NULL, NULL, NULL, NULL, NULL),
(669, '89963228', '6DWYG83MK7F3', NULL, NULL, NULL, NULL, NULL, NULL),
(670, '46353879', 'FJBEAFTFEVSJ', NULL, NULL, NULL, NULL, NULL, NULL),
(671, '66639429', 'TMFFXH8M6LT4', NULL, NULL, NULL, NULL, NULL, NULL),
(672, '32726533', '5CZD87D2HASM', NULL, NULL, NULL, NULL, NULL, NULL),
(673, '33757379', '3EU8CATNZFSX', NULL, NULL, NULL, NULL, NULL, NULL),
(674, '96468487', '942MYBL44LHD', NULL, NULL, NULL, NULL, NULL, NULL),
(675, '32876848', 'BHWVWFMJKJZF', NULL, NULL, NULL, NULL, NULL, NULL),
(676, '63499473', '7WNUT5JNDBS6', NULL, NULL, NULL, NULL, NULL, NULL),
(677, '65774979', 'CP7WE5RHREE4', NULL, NULL, NULL, NULL, NULL, NULL),
(678, '85645478', '736X42WNN8WU', NULL, NULL, NULL, NULL, NULL, NULL),
(679, '78924466', 'ZZLEDWLZ7PNJ', NULL, NULL, NULL, NULL, NULL, NULL),
(680, '54583779', 'Y4NM6RWG8CUP', NULL, NULL, NULL, NULL, NULL, NULL),
(681, '59597538', '2KSP2SC98HXL', NULL, NULL, NULL, NULL, NULL, NULL),
(682, '64353324', '7C3XG5VPEK43', NULL, NULL, NULL, NULL, NULL, NULL),
(683, '84974724', 'N7Y4WEUVRGUN', NULL, NULL, NULL, NULL, NULL, NULL),
(684, '33899824', 'JEUUNPPMMXBZ', NULL, NULL, NULL, NULL, NULL, NULL),
(685, '57478265', 'LVR9EJ8VSKKW', NULL, NULL, NULL, NULL, NULL, NULL),
(686, '39829283', '6TWK5W2L9ZZF', NULL, NULL, NULL, NULL, NULL, NULL),
(687, '42386976', '88ME5BYYWW4P', NULL, NULL, NULL, NULL, NULL, NULL),
(688, '33869944', 'BUEJTCMYHUBK', NULL, NULL, NULL, NULL, NULL, NULL),
(689, '75679798', '6JZGYNF8E9J7', NULL, NULL, NULL, NULL, NULL, NULL),
(690, '98347744', '9NAKH3QXM8S6', NULL, NULL, NULL, NULL, NULL, NULL),
(691, '29936293', 'JDTSJ2GJFT3Q', NULL, NULL, NULL, NULL, NULL, NULL),
(692, '84567254', 'M6DTB2H9TFW5', NULL, NULL, NULL, NULL, NULL, NULL),
(693, '54322896', 'STD3WXUEL5D6', NULL, NULL, NULL, NULL, NULL, NULL),
(694, '76793333', 'SXNQUJWC9QVB', NULL, NULL, NULL, NULL, NULL, NULL),
(695, '88323755', '4GUEQZ2UN3BR', NULL, NULL, NULL, NULL, NULL, NULL),
(696, '43543823', 'HJS4PQPPCBL9', NULL, NULL, NULL, NULL, NULL, NULL),
(697, '79229699', 'CYFZXEWFQZXF', NULL, NULL, NULL, NULL, NULL, NULL),
(698, '79968358', 'LB47R3Y8ZGKV', NULL, NULL, NULL, NULL, NULL, NULL),
(699, '42773684', 'D9QPT4Y8V4L7', NULL, NULL, NULL, NULL, NULL, NULL),
(700, '23742955', 'PRY8Q23L4RES', NULL, NULL, NULL, NULL, NULL, NULL),
(701, '74553828', 'QAVDJMAE3RNL', NULL, NULL, NULL, NULL, NULL, NULL),
(702, '84234765', '9TSRSYT4AEAW', NULL, NULL, NULL, NULL, NULL, NULL),
(703, '88797774', '64UV7G3KQGYZ', NULL, NULL, NULL, NULL, NULL, NULL),
(704, '29562689', '83EY4WAB77HQ', NULL, NULL, NULL, NULL, NULL, NULL),
(705, '99425277', 'KFJSKXT2HWJW', NULL, NULL, NULL, NULL, NULL, NULL),
(706, '55557446', 'XNGVN325YXGP', NULL, NULL, NULL, NULL, NULL, NULL),
(707, '49447363', 'Z2MWFXW3URD3', NULL, NULL, NULL, NULL, NULL, NULL),
(708, '84556834', 'Z32JUUDS4BYB', NULL, NULL, NULL, NULL, NULL, NULL),
(709, '56846623', 'PZ79MW8BNARK', NULL, NULL, NULL, NULL, NULL, NULL),
(710, '58568695', 'Q7TPCYLG3BQB', NULL, NULL, NULL, NULL, NULL, NULL),
(711, '63589654', 'P59SCU4HQ77R', NULL, NULL, NULL, NULL, NULL, NULL),
(712, '93976357', 'HREPT7Z5A78W', NULL, NULL, NULL, NULL, NULL, NULL),
(713, '45598273', 'JS2NMB4FFLHH', NULL, NULL, NULL, NULL, NULL, NULL),
(714, '72276565', 'GEMGL67EQ9TN', NULL, NULL, NULL, NULL, NULL, NULL),
(715, '44748724', 'AB6K7HEL3H9J', NULL, NULL, NULL, NULL, NULL, NULL),
(716, '54567296', '5QG33EAXQ2LQ', NULL, NULL, NULL, NULL, NULL, NULL),
(717, '42794459', 'D3RCX8CCBTRR', NULL, NULL, NULL, NULL, NULL, NULL),
(718, '42792634', '9FE7D326Q263', NULL, NULL, NULL, NULL, NULL, NULL),
(719, '78294274', 'JQRW8J9B6BXY', NULL, NULL, NULL, NULL, NULL, NULL),
(720, '74732262', 'U4KS3T62PTCH', NULL, NULL, NULL, NULL, NULL, NULL),
(721, '89295247', 'JG2CSG25DWFS', NULL, NULL, NULL, NULL, NULL, NULL),
(722, '35592923', 'L5USRN9PRYPS', NULL, NULL, NULL, NULL, NULL, NULL),
(723, '54874768', 'AFKBLR8DYCN7', NULL, NULL, NULL, NULL, NULL, NULL),
(724, '58994952', 'GN5DRTNFF2TT', NULL, NULL, NULL, NULL, NULL, NULL);
INSERT INTO `batchs` (`id`, `NumeroCarte`, `CLE`, `NLot`, `Divers1`, `Divers2`, `Divers3`, `created_at`, `updated_at`) VALUES
(725, '56989366', 'QEELWY82WSAK', NULL, NULL, NULL, NULL, NULL, NULL),
(726, '98685886', '4NMFGNTN2EPT', NULL, NULL, NULL, NULL, NULL, NULL),
(727, '23376424', '46UD8A9JFAF7', NULL, NULL, NULL, NULL, NULL, NULL),
(728, '96486434', 'CCSQ5LC5ZVY9', NULL, NULL, NULL, NULL, NULL, NULL),
(729, '64239728', 'YD8MMWLJVZ54', NULL, NULL, NULL, NULL, NULL, NULL),
(730, '25892299', 'WA9YZRPBWHNE', NULL, NULL, NULL, NULL, NULL, NULL),
(731, '57976228', 'HWYYXREVMGLV', NULL, NULL, NULL, NULL, NULL, NULL),
(732, '45337865', 'ZB6ATGKHBVLP', NULL, NULL, NULL, NULL, NULL, NULL),
(733, '94353769', 'S5K9D5FJNJBJ', NULL, NULL, NULL, NULL, NULL, NULL),
(734, '99473943', '5Q7MWMH36W69', NULL, NULL, NULL, NULL, NULL, NULL),
(735, '64246765', 'CE553G63M8KY', NULL, NULL, NULL, NULL, NULL, NULL),
(736, '99984628', 'MS87FE3K2RMF', NULL, NULL, NULL, NULL, NULL, NULL),
(737, '52465246', 'T3N53GJLYK3Y', NULL, NULL, NULL, NULL, NULL, NULL),
(738, '74533736', 'ECSA9UMY3Q2H', NULL, NULL, NULL, NULL, NULL, NULL),
(739, '59573782', '7A4SMAME3YA2', NULL, NULL, NULL, NULL, NULL, NULL),
(740, '93495755', 'TC3RLC2VP3HZ', NULL, NULL, NULL, NULL, NULL, NULL),
(741, '85742782', 'SLS8BD5GL8WF', NULL, NULL, NULL, NULL, NULL, NULL),
(742, '86769874', 'TC7BGZYLN3HR', NULL, NULL, NULL, NULL, NULL, NULL),
(743, '96375342', 'GRPJHPU4QAXZ', NULL, NULL, NULL, NULL, NULL, NULL),
(744, '29742236', 'W38XA7S6SMNC', NULL, NULL, NULL, NULL, NULL, NULL),
(745, '93977683', 'HHETML6N7ANM', NULL, NULL, NULL, NULL, NULL, NULL),
(746, '72536387', 'BH3W2BEDZ5BG', NULL, NULL, NULL, NULL, NULL, NULL),
(747, '55388775', '4LNFLF9WZY5H', NULL, NULL, NULL, NULL, NULL, NULL),
(748, '35272368', 'QTDSKW4MDFW2', NULL, NULL, NULL, NULL, NULL, NULL),
(749, '33659352', 'NEG3RVUFUD2N', NULL, NULL, NULL, NULL, NULL, NULL),
(750, '76746669', '9WFA2APUEMR8', NULL, NULL, NULL, NULL, NULL, NULL),
(751, '27662786', 'PDK7CJW5MVXV', NULL, NULL, NULL, NULL, NULL, NULL),
(752, '34455348', 'R6WV9SY9JJH3', NULL, NULL, NULL, NULL, NULL, NULL),
(753, '42499788', 'YGR8CGDN2JF5', NULL, NULL, NULL, NULL, NULL, NULL),
(754, '46923966', 'JP644UGSGSRV', NULL, NULL, NULL, NULL, NULL, NULL),
(755, '33742925', '3YMWUP7HK336', NULL, NULL, NULL, NULL, NULL, NULL),
(756, '59398533', '27RFWAMNKC7J', NULL, NULL, NULL, NULL, NULL, NULL),
(757, '24828774', 'XJGPT97ZW3KN', NULL, NULL, NULL, NULL, NULL, NULL),
(758, '67637696', 'LHT2QGHZ74TL', NULL, NULL, NULL, NULL, NULL, NULL),
(759, '56725665', 'NMQLB22ZRJZ8', NULL, NULL, NULL, NULL, NULL, NULL),
(760, '34426493', 'KN2HATPRAGL6', NULL, NULL, NULL, NULL, NULL, NULL),
(761, '74862726', 'FA842DU8L7DP', NULL, NULL, NULL, NULL, NULL, NULL),
(762, '77722397', '2XKJ36FJJJT8', NULL, NULL, NULL, NULL, NULL, NULL),
(763, '96975446', 'HZL77UXKMPWV', NULL, NULL, NULL, NULL, NULL, NULL),
(764, '87743959', 'CQCCWRL5EGZX', NULL, NULL, NULL, NULL, NULL, NULL),
(765, '68665639', '9U344D69KRAG', NULL, NULL, NULL, NULL, NULL, NULL),
(766, '75283493', 'WA97GVKA9UJ9', NULL, NULL, NULL, NULL, NULL, NULL),
(767, '39553532', 'MKBFNVWKK776', NULL, NULL, NULL, NULL, NULL, NULL),
(768, '78252244', 'XQDWX978TKML', NULL, NULL, NULL, NULL, NULL, NULL),
(769, '86596338', '4YGDZMGW2URQ', NULL, NULL, NULL, NULL, NULL, NULL),
(770, '74245985', 'DFZZXFCGLLDD', NULL, NULL, NULL, NULL, NULL, NULL),
(771, '62762597', 'FANC298UFPSL', NULL, NULL, NULL, NULL, NULL, NULL),
(772, '84665856', 'NTG25M5JB7V2', NULL, NULL, NULL, NULL, NULL, NULL),
(773, '77259935', 'MJPYZF57NXEY', NULL, NULL, NULL, NULL, NULL, NULL),
(774, '83289424', 'HY69GTRVC72A', NULL, NULL, NULL, NULL, NULL, NULL),
(775, '29246224', 'ZTGP48RG36XE', NULL, NULL, NULL, NULL, NULL, NULL),
(776, '48466468', '2VCE74YL27E7', NULL, NULL, NULL, NULL, NULL, NULL),
(777, '57779594', 'WQZLST5P9SRX', NULL, NULL, NULL, NULL, NULL, NULL),
(778, '25339845', 'V2VU7AKLV3A3', NULL, NULL, NULL, NULL, NULL, NULL),
(779, '24498849', 'BMR32KW8Q4PB', NULL, NULL, NULL, NULL, NULL, NULL),
(780, '32739483', 'PJH4RX7R9XB7', NULL, NULL, NULL, NULL, NULL, NULL),
(781, '39865929', '3WRTZ5JVW64C', NULL, NULL, NULL, NULL, NULL, NULL),
(782, '82293382', '6HPTXKG7XTM2', NULL, NULL, NULL, NULL, NULL, NULL),
(783, '54975894', 'MJUHGHVXMXAK', NULL, NULL, NULL, NULL, NULL, NULL),
(784, '96259465', 'NHCDJP7YS2NA', NULL, NULL, NULL, NULL, NULL, NULL),
(785, '77844329', '6S74FKB2PL2N', NULL, NULL, NULL, NULL, NULL, NULL),
(786, '77932865', '6TMQMM7FDTDE', NULL, NULL, NULL, NULL, NULL, NULL),
(787, '38349925', 'DXSJ7TPCMD5G', NULL, NULL, NULL, NULL, NULL, NULL),
(788, '55438955', '27BGXK98SRPT', NULL, NULL, NULL, NULL, NULL, NULL),
(789, '75766972', 'CY4PU2B87PVR', NULL, NULL, NULL, NULL, NULL, NULL),
(790, '66553688', 'BC9AUQHVSWS5', NULL, NULL, NULL, NULL, NULL, NULL),
(791, '56546587', '33STS6TPJSM4', NULL, NULL, NULL, NULL, NULL, NULL),
(792, '39228564', 'ESD2MPLJWYN9', NULL, NULL, NULL, NULL, NULL, NULL),
(793, '74692644', 'JUUZAYY2WDLR', NULL, NULL, NULL, NULL, NULL, NULL),
(794, '36678379', 'G7UJKYXX4FNR', NULL, NULL, NULL, NULL, NULL, NULL),
(795, '92967389', '8FDTK7ERJDNJ', NULL, NULL, NULL, NULL, NULL, NULL),
(796, '64289485', 'DZSXYSBZPAEV', NULL, NULL, NULL, NULL, NULL, NULL),
(797, '36375886', '96GJ99PGDR2P', NULL, NULL, NULL, NULL, NULL, NULL),
(798, '78888432', 'WQGML7KCGJNM', NULL, NULL, NULL, NULL, NULL, NULL),
(799, '26356272', 'HCBCAP68P85G', NULL, NULL, NULL, NULL, NULL, NULL),
(800, '33776487', 'KJLVYPJDJL6F', NULL, NULL, NULL, NULL, NULL, NULL),
(801, '67758286', '4SH5GEGCH3VS', NULL, NULL, NULL, NULL, NULL, NULL),
(802, '42245725', 'R3YSZ52Y9Z6M', NULL, NULL, NULL, NULL, NULL, NULL),
(803, '73277746', '8Z64XUDFP4D6', NULL, NULL, NULL, NULL, NULL, NULL),
(804, '36832463', '946SA8Q9VDD8', NULL, NULL, NULL, NULL, NULL, NULL),
(805, '57779876', 'N9NJQM5XHTH6', NULL, NULL, NULL, NULL, NULL, NULL),
(806, '33885752', 'WDUQE5Y7E8V2', NULL, NULL, NULL, NULL, NULL, NULL),
(807, '46427859', 'G2FMWZUBCKJC', NULL, NULL, NULL, NULL, NULL, NULL),
(808, '86528343', 'GPS9LHW822WA', NULL, NULL, NULL, NULL, NULL, NULL),
(809, '67355579', 'TCD25ZKMHXD3', NULL, NULL, NULL, NULL, NULL, NULL),
(810, '33677269', 'N3WNK9SKMDV3', NULL, NULL, NULL, NULL, NULL, NULL),
(811, '95444335', 'RSF3SC54BLDQ', NULL, NULL, NULL, NULL, NULL, NULL),
(812, '24893732', 'JE2NLD8LUNTX', NULL, NULL, NULL, NULL, NULL, NULL),
(813, '42446253', 'TT7UUHHV7QEU', NULL, NULL, NULL, NULL, NULL, NULL),
(814, '64975647', '8RUAJTM7ZWM5', NULL, NULL, NULL, NULL, NULL, NULL),
(815, '68858858', '89E9FBQBX3VT', NULL, NULL, NULL, NULL, NULL, NULL),
(816, '74943584', '3LACZZ5L6UK7', NULL, NULL, NULL, NULL, NULL, NULL),
(817, '54894568', 'EGK8B2VNDBY7', NULL, NULL, NULL, NULL, NULL, NULL),
(818, '66677575', 'BLQHENJX7UVR', NULL, NULL, NULL, NULL, NULL, NULL),
(819, '34722786', '3HCCLUXL5YSG', NULL, NULL, NULL, NULL, NULL, NULL),
(820, '59273237', '5C9SDVQE4SWB', NULL, NULL, NULL, NULL, NULL, NULL),
(821, '46254967', '7Q8F57J4T5P5', NULL, NULL, NULL, NULL, NULL, NULL),
(822, '72534538', 'LSEXZFBY6NQU', NULL, NULL, NULL, NULL, NULL, NULL),
(823, '45796454', 'HCLMDH4ZSS59', NULL, NULL, NULL, NULL, NULL, NULL),
(824, '76648394', 'ZUZH9CG23M62', NULL, NULL, NULL, NULL, NULL, NULL),
(825, '69599739', 'LK52PAEHR6HX', NULL, NULL, NULL, NULL, NULL, NULL),
(826, '35573843', 'HA5STGLNPFJ4', NULL, NULL, NULL, NULL, NULL, NULL),
(827, '94679336', 'ULGESFYK4ATW', NULL, NULL, NULL, NULL, NULL, NULL),
(828, '99545266', '6SGS8NQ8CCUW', NULL, NULL, NULL, NULL, NULL, NULL),
(829, '87388788', 'TYX93KXYE6EF', NULL, NULL, NULL, NULL, NULL, NULL),
(830, '57282439', '8ZXFN3RG7D2P', NULL, NULL, NULL, NULL, NULL, NULL),
(831, '37397336', 'D68ZZANVUU3R', NULL, NULL, NULL, NULL, NULL, NULL),
(832, '54877334', 'JWTRJCL3CDCY', NULL, NULL, NULL, NULL, NULL, NULL),
(833, '28387972', 'HZZNQFJ2KZ2K', NULL, NULL, NULL, NULL, NULL, NULL),
(834, '79695887', '4YERN7UCRX36', NULL, NULL, NULL, NULL, NULL, NULL),
(835, '65747627', 'SR3XDTLFHRKA', NULL, NULL, NULL, NULL, NULL, NULL),
(836, '92494287', 'WC99MU3MF5BV', NULL, NULL, NULL, NULL, NULL, NULL),
(837, '69338532', '6Q2G7L4XUPYK', NULL, NULL, NULL, NULL, NULL, NULL),
(838, '58384332', '97STPADXULV4', NULL, NULL, NULL, NULL, NULL, NULL),
(839, '94925875', 'RLM2PQZEPAKU', NULL, NULL, NULL, NULL, NULL, NULL),
(840, '39756959', '4GPDSYW5BPMX', NULL, NULL, NULL, NULL, NULL, NULL),
(841, '63629478', 'PN2UUYWEVMMZ', NULL, NULL, NULL, NULL, NULL, NULL),
(842, '95973858', 'ZER3GLMY8DW4', NULL, NULL, NULL, NULL, NULL, NULL),
(843, '34656639', 'A7XR733FZGG5', NULL, NULL, NULL, NULL, NULL, NULL),
(844, '83486892', 'PG8LTHQCM4RW', NULL, NULL, NULL, NULL, NULL, NULL),
(845, '62365328', 'RVCDJGGCSEKK', NULL, NULL, NULL, NULL, NULL, NULL),
(846, '26936673', 'UTYS6QWFQS2L', NULL, NULL, NULL, NULL, NULL, NULL),
(847, '55856844', 'C3R24M26ERC3', NULL, NULL, NULL, NULL, NULL, NULL),
(848, '59943243', 'ACKBQJD3D3PU', NULL, NULL, NULL, NULL, NULL, NULL),
(849, '93229543', 'SVKMCW4KQWWL', NULL, NULL, NULL, NULL, NULL, NULL),
(850, '92433576', '25GVLK8DGQ7C', NULL, NULL, NULL, NULL, NULL, NULL),
(851, '89963779', '9UVQKL9N5SBQ', NULL, NULL, NULL, NULL, NULL, NULL),
(852, '73767489', 'XS7WCSSC2BYH', NULL, NULL, NULL, NULL, NULL, NULL),
(853, '37743589', 'GZXW3JUUQ5NZ', NULL, NULL, NULL, NULL, NULL, NULL),
(854, '46959236', 'DZ5KDB647V29', NULL, NULL, NULL, NULL, NULL, NULL),
(855, '26543675', '2PRKKUYZ5QQG', NULL, NULL, NULL, NULL, NULL, NULL),
(856, '44293866', 'Z8PD3FT8LUDH', NULL, NULL, NULL, NULL, NULL, NULL),
(857, '88424936', 'JFGVG83BB4GT', NULL, NULL, NULL, NULL, NULL, NULL),
(858, '49888343', '99QFFEDDND5P', NULL, NULL, NULL, NULL, NULL, NULL),
(859, '36536584', 'QSQFK22PW73C', NULL, NULL, NULL, NULL, NULL, NULL),
(860, '87893986', 'QPFP5KGA7ETZ', NULL, NULL, NULL, NULL, NULL, NULL),
(861, '63333346', 'NTNQXXNP4C7K', NULL, NULL, NULL, NULL, NULL, NULL),
(862, '67526785', '28CMKWP9CW42', NULL, NULL, NULL, NULL, NULL, NULL),
(863, '79655664', 'KP7N3ER9U2PJ', NULL, NULL, NULL, NULL, NULL, NULL),
(864, '95499668', 'U32WXK9F2YDG', NULL, NULL, NULL, NULL, NULL, NULL),
(865, '72764395', 'AW32QNRXA62U', NULL, NULL, NULL, NULL, NULL, NULL),
(866, '34845974', 'MKAYZPN8AY3N', NULL, NULL, NULL, NULL, NULL, NULL),
(867, '73459583', 'CF73SVPCZLZX', NULL, NULL, NULL, NULL, NULL, NULL),
(868, '85779833', 'MRS7H88CJAPM', NULL, NULL, NULL, NULL, NULL, NULL),
(869, '76792456', 'YEKVT99Y8C57', NULL, NULL, NULL, NULL, NULL, NULL),
(870, '94847823', 'TS3XK9P8UA3A', NULL, NULL, NULL, NULL, NULL, NULL),
(871, '39769924', 'NLR5KKFHEA4V', NULL, NULL, NULL, NULL, NULL, NULL),
(872, '28885577', 'JYME5F5MT8KM', NULL, NULL, NULL, NULL, NULL, NULL),
(873, '67882523', 'AUMG5MH2R8V2', NULL, NULL, NULL, NULL, NULL, NULL),
(874, '72755448', 'SNUNMHBWYQG9', NULL, NULL, NULL, NULL, NULL, NULL),
(875, '42494899', '8E4AG9PWMQJM', NULL, NULL, NULL, NULL, NULL, NULL),
(876, '46868425', 'JW4R6ZJKXY6D', NULL, NULL, NULL, NULL, NULL, NULL),
(877, '94494824', 'DCZCYDEYQDSA', NULL, NULL, NULL, NULL, NULL, NULL),
(878, '43229277', 'K3DZUHVJXTVA', NULL, NULL, NULL, NULL, NULL, NULL),
(879, '66786292', 'STYTDPGL59UQ', NULL, NULL, NULL, NULL, NULL, NULL),
(880, '25239744', 'MCD2ENDHCPJ4', NULL, NULL, NULL, NULL, NULL, NULL),
(881, '23992248', '66SY648ZQKLH', NULL, NULL, NULL, NULL, NULL, NULL),
(882, '69935463', '6GZLNPEDNHXU', NULL, NULL, NULL, NULL, NULL, NULL),
(883, '59527994', 'RZKN3HZ75UE9', NULL, NULL, NULL, NULL, NULL, NULL),
(884, '87673428', 'BL64BNCCSLX8', NULL, NULL, NULL, NULL, NULL, NULL),
(885, '78922979', 'SJPNWAEZC2C6', NULL, NULL, NULL, NULL, NULL, NULL),
(886, '26729764', '5NEAZX4K28ER', NULL, NULL, NULL, NULL, NULL, NULL),
(887, '84984558', 'QNAN2L9RWC4U', NULL, NULL, NULL, NULL, NULL, NULL),
(888, '58392438', 'J9T34E9TGSU8', NULL, NULL, NULL, NULL, NULL, NULL),
(889, '84626652', '62A8RZBZRBHS', NULL, NULL, NULL, NULL, NULL, NULL),
(890, '58754942', 'ZLUEEML38GD7', NULL, NULL, NULL, NULL, NULL, NULL),
(891, '96284677', 'JW6Q43T47TS2', NULL, NULL, NULL, NULL, NULL, NULL),
(892, '27239946', 'UEW8CVZAYTKG', NULL, NULL, NULL, NULL, NULL, NULL),
(893, '58397962', 'UMVA8WFHF4GE', NULL, NULL, NULL, NULL, NULL, NULL),
(894, '87762722', 'NAMEBJ85HKRE', NULL, NULL, NULL, NULL, NULL, NULL),
(895, '74725548', 'YC2ZQ7EQCYQN', NULL, NULL, NULL, NULL, NULL, NULL),
(896, '87862769', 'FVTSREJDKCB7', NULL, NULL, NULL, NULL, NULL, NULL),
(897, '26723455', 'N368CLNM5WFT', NULL, NULL, NULL, NULL, NULL, NULL),
(898, '25364576', 'BCC5UVAJBV58', NULL, NULL, NULL, NULL, NULL, NULL),
(899, '79299586', 'PM5M3SHPUJGL', NULL, NULL, NULL, NULL, NULL, NULL),
(900, '49354682', 'D46JAHFPYQBA', NULL, NULL, NULL, NULL, NULL, NULL),
(901, '68534445', 'Q5P9ZCGYKUHH', NULL, NULL, NULL, NULL, NULL, NULL),
(902, '55694686', '74C2R8WECRTG', NULL, NULL, NULL, NULL, NULL, NULL),
(903, '75255272', 'PZZLC2TA4YAE', NULL, NULL, NULL, NULL, NULL, NULL),
(904, '39466586', '67JTNFKRRMEJ', NULL, NULL, NULL, NULL, NULL, NULL),
(905, '53685343', '2ASL463ACVYS', NULL, NULL, NULL, NULL, NULL, NULL),
(906, '59467642', 'DQWR42LPGMFA', NULL, NULL, NULL, NULL, NULL, NULL),
(907, '33245755', '423CZWPE457Y', NULL, NULL, NULL, NULL, NULL, NULL),
(908, '83565782', 'LJTHQT8LX47E', NULL, NULL, NULL, NULL, NULL, NULL),
(909, '25387665', 'MTJMLDDEDKZ2', NULL, NULL, NULL, NULL, NULL, NULL),
(910, '65632794', 'EZ8XPUV385R3', NULL, NULL, NULL, NULL, NULL, NULL),
(911, '49224888', 'E7C4SNCGPQ7M', NULL, NULL, NULL, NULL, NULL, NULL),
(912, '53865344', 'VGQ73R9ARAU3', NULL, NULL, NULL, NULL, NULL, NULL),
(913, '77742562', 'MSY9SQAH8HCH', NULL, NULL, NULL, NULL, NULL, NULL),
(914, '66433548', '8FJ8YH7EFZFG', NULL, NULL, NULL, NULL, NULL, NULL),
(915, '25746422', 'JCQRZB7M6EXZ', NULL, NULL, NULL, NULL, NULL, NULL),
(916, '43986892', 'CACMT2WEYVPT', NULL, NULL, NULL, NULL, NULL, NULL),
(917, '28559877', 'R25ZE6NV46DD', NULL, NULL, NULL, NULL, NULL, NULL),
(918, '67857525', 'FBGA8CG5XYTD', NULL, NULL, NULL, NULL, NULL, NULL),
(919, '84995537', 'V59Y95HJL6RW', NULL, NULL, NULL, NULL, NULL, NULL),
(920, '46776744', 'EUECARS95AX3', NULL, NULL, NULL, NULL, NULL, NULL),
(921, '72484393', '79YAAL4QBPZ9', NULL, NULL, NULL, NULL, NULL, NULL),
(922, '22834346', 'EGLYR5HAD3E9', NULL, NULL, NULL, NULL, NULL, NULL),
(923, '79248247', 'A69D6N7KWZY2', NULL, NULL, NULL, NULL, NULL, NULL),
(924, '76845337', '888RB5ULLV8H', NULL, NULL, NULL, NULL, NULL, NULL),
(925, '59263762', 'JZESA89Y34XF', NULL, NULL, NULL, NULL, NULL, NULL),
(926, '69799898', 'QLRWVLCAJQLB', NULL, NULL, NULL, NULL, NULL, NULL),
(927, '28845357', '235GBQTAHQXL', NULL, NULL, NULL, NULL, NULL, NULL),
(928, '67698452', '3VJN6FEM8442', NULL, NULL, NULL, NULL, NULL, NULL),
(929, '37835272', 'UP63BWSWWZGQ', NULL, NULL, NULL, NULL, NULL, NULL),
(930, '32747457', 'CTXTM6FRHS38', NULL, NULL, NULL, NULL, NULL, NULL),
(931, '84737882', 'SFPZ6H85YQH2', NULL, NULL, NULL, NULL, NULL, NULL),
(932, '47324378', 'UUT9MYUKREC9', NULL, NULL, NULL, NULL, NULL, NULL),
(933, '53669496', 'TVKA95BYFWE4', NULL, NULL, NULL, NULL, NULL, NULL),
(934, '44893589', '7U4LY93K7HN3', NULL, NULL, NULL, NULL, NULL, NULL),
(935, '66967477', 'LLR98TUHXF68', NULL, NULL, NULL, NULL, NULL, NULL),
(936, '73598538', '5B2DG9HQZ43L', NULL, NULL, NULL, NULL, NULL, NULL),
(937, '93357855', 'ZAE3GCYVWRRN', NULL, NULL, NULL, NULL, NULL, NULL),
(938, '95433264', 'VSV7EEVZ65HQ', NULL, NULL, NULL, NULL, NULL, NULL),
(939, '37275627', 'T4Q2L284X3CF', NULL, NULL, NULL, NULL, NULL, NULL),
(940, '76456926', '6AXJRXE4AWNC', NULL, NULL, NULL, NULL, NULL, NULL),
(941, '74627355', 'MM5XF4A5E4TY', NULL, NULL, NULL, NULL, NULL, NULL),
(942, '74936452', 'P6965FPKXU73', NULL, NULL, NULL, NULL, NULL, NULL),
(943, '56825738', 'QE4UNXJFZWER', NULL, NULL, NULL, NULL, NULL, NULL),
(944, '87384343', 'PB29B247EJDX', NULL, NULL, NULL, NULL, NULL, NULL),
(945, '34793229', 'VVNBX5A2T96E', NULL, NULL, NULL, NULL, NULL, NULL),
(946, '77993348', 'EAGDK8J7MK46', NULL, NULL, NULL, NULL, NULL, NULL),
(947, '72669932', 'FWN2FTN2WRNF', NULL, NULL, NULL, NULL, NULL, NULL),
(948, '35746833', 'SX2YEPXQZ3LX', NULL, NULL, NULL, NULL, NULL, NULL),
(949, '59847282', 'P7JP2GY6SHH4', NULL, NULL, NULL, NULL, NULL, NULL),
(950, '26649962', 'PKJ842ZZXLKL', NULL, NULL, NULL, NULL, NULL, NULL),
(951, '42288673', 'BDNB7YTQGTZP', NULL, NULL, NULL, NULL, NULL, NULL),
(952, '58364278', 'CTMV2NBX82QE', NULL, NULL, NULL, NULL, NULL, NULL),
(953, '95296222', 'HTU4HE4Y7874', NULL, NULL, NULL, NULL, NULL, NULL),
(954, '24552934', '6QY6JSYTQFVP', NULL, NULL, NULL, NULL, NULL, NULL),
(955, '86288889', 'L5VELENESBMU', NULL, NULL, NULL, NULL, NULL, NULL),
(956, '63955256', 'NECW65FS5N55', NULL, NULL, NULL, NULL, NULL, NULL),
(957, '64278432', 'X7HZNPAGLAAX', NULL, NULL, NULL, NULL, NULL, NULL),
(958, '48899753', 'JJVHWP4YC6S4', NULL, NULL, NULL, NULL, NULL, NULL),
(959, '62586789', '76MMTHTNQ3UC', NULL, NULL, NULL, NULL, NULL, NULL),
(960, '93343978', '576P6MBB2Y2X', NULL, NULL, NULL, NULL, NULL, NULL),
(961, '76462828', 'ZZSZBS27GUZQ', NULL, NULL, NULL, NULL, NULL, NULL),
(962, '24782553', 'LK6HJ6K5ZSDS', NULL, NULL, NULL, NULL, NULL, NULL),
(963, '59459277', 'SYG7BZKU54FX', NULL, NULL, NULL, NULL, NULL, NULL),
(964, '99488425', 'DAULBNFYBXS4', NULL, NULL, NULL, NULL, NULL, NULL),
(965, '96253288', 'T3XHZ246VQAC', NULL, NULL, NULL, NULL, NULL, NULL),
(966, '98369488', 'ZMYWBQ842V5L', NULL, NULL, NULL, NULL, NULL, NULL),
(967, '72335268', '5EZR34GGX3SE', NULL, NULL, NULL, NULL, NULL, NULL),
(968, '92456622', 'SRPXRXDXUYHJ', NULL, NULL, NULL, NULL, NULL, NULL),
(969, '86997622', 'NEHQM8JQ949Y', NULL, NULL, NULL, NULL, NULL, NULL),
(970, '43678549', 'XRYH6QLUE763', NULL, NULL, NULL, NULL, NULL, NULL),
(971, '35868489', '9PJSL2CR64VJ', NULL, NULL, NULL, NULL, NULL, NULL),
(972, '86438698', 'B4G7MF67PJVX', NULL, NULL, NULL, NULL, NULL, NULL),
(973, '78247472', 'SP7CUAFBV7K5', NULL, NULL, NULL, NULL, NULL, NULL),
(974, '35299297', 'E2TMFNATUYJ7', NULL, NULL, NULL, NULL, NULL, NULL),
(975, '24643449', 'ZS3G9N7SFCG9', NULL, NULL, NULL, NULL, NULL, NULL),
(976, '68226582', 'CYWRJV9YDKG4', NULL, NULL, NULL, NULL, NULL, NULL),
(977, '22926994', '8QUQ2XZCR2UR', NULL, NULL, NULL, NULL, NULL, NULL),
(978, '92798235', 'NZ9G6JY3UQKY', NULL, NULL, NULL, NULL, NULL, NULL),
(979, '78693626', 'DLKHDA5B3LPX', NULL, NULL, NULL, NULL, NULL, NULL),
(980, '69968229', 'CTJKLDMM372N', NULL, NULL, NULL, NULL, NULL, NULL),
(981, '93964794', 'L887JSF85FQH', NULL, NULL, NULL, NULL, NULL, NULL),
(982, '43397226', '7NK5RBDNUC8D', NULL, NULL, NULL, NULL, NULL, NULL),
(983, '72465222', '9MFGP97WU3AN', NULL, NULL, NULL, NULL, NULL, NULL),
(984, '93963664', 'EKE2UB4G7K3P', NULL, NULL, NULL, NULL, NULL, NULL),
(985, '93378584', '6Q96JSXASPBQ', NULL, NULL, NULL, NULL, NULL, NULL),
(986, '69395579', 'M6GV2NAM2JU6', NULL, NULL, NULL, NULL, NULL, NULL),
(987, '26945948', 'J4W8LCR5HZN6', NULL, NULL, NULL, NULL, NULL, NULL),
(988, '26424952', 'SBLGKLQNLX2J', NULL, NULL, NULL, NULL, NULL, NULL),
(989, '55937625', 'BT5Q8BRGTE4Q', NULL, NULL, NULL, NULL, NULL, NULL),
(990, '39868677', 'N6DWRG597W73', NULL, NULL, NULL, NULL, NULL, NULL),
(991, '93267595', 'U9T8VA2HZ7ZZ', NULL, NULL, NULL, NULL, NULL, NULL),
(992, '56828673', '2G7NG8FWW7M4', NULL, NULL, NULL, NULL, NULL, NULL),
(993, '32782252', '2NXJYJKQDC9J', NULL, NULL, NULL, NULL, NULL, NULL),
(994, '69332359', 'EVVKAWRNP8RR', NULL, NULL, NULL, NULL, NULL, NULL),
(995, '23865336', 'QQPHDM84ZRS8', NULL, NULL, NULL, NULL, NULL, NULL),
(996, '96625759', 'S52L7CZ8YR8B', NULL, NULL, NULL, NULL, NULL, NULL),
(997, '87483284', 'A86HD67MWQC8', NULL, NULL, NULL, NULL, NULL, NULL),
(998, '85677766', '9HCNSLB9QPXC', NULL, NULL, NULL, NULL, NULL, NULL),
(999, '47974642', 'GYNYHTDLZXT7', NULL, NULL, NULL, NULL, NULL, NULL),
(1000, '26869729', 'ZYQ6V9ACFJE4', NULL, NULL, NULL, NULL, NULL, NULL);

-- --------------------------------------------------------

--
-- Structure de la table `bateaus`
--

DROP TABLE IF EXISTS `bateaus`;
CREATE TABLE IF NOT EXISTS `bateaus` (
  `id` bigint(20) UNSIGNED NOT NULL AUTO_INCREMENT,
  `Matricule` varchar(191) COLLATE utf8mb4_unicode_ci NOT NULL,
  `Capacite` int(11) NOT NULL,
  `Libelle` varchar(191) COLLATE utf8mb4_unicode_ci NOT NULL,
  `Poids` int(11) NOT NULL,
  `Details` varchar(191) COLLATE utf8mb4_unicode_ci NOT NULL,
  `Kilometrage` varchar(191) COLLATE utf8mb4_unicode_ci NOT NULL,
  `gare_id` int(10) UNSIGNED NOT NULL,
  `Longitude` varchar(191) COLLATE utf8mb4_unicode_ci DEFAULT NULL,
  `Latitude` varchar(191) COLLATE utf8mb4_unicode_ci DEFAULT NULL,
  `created_at` timestamp NULL DEFAULT NULL,
  `updated_at` timestamp NULL DEFAULT NULL,
  PRIMARY KEY (`id`),
  UNIQUE KEY `bateaus_matricule_unique` (`Matricule`),
  KEY `bateaus_gare_id_index` (`gare_id`)
) ENGINE=MyISAM AUTO_INCREMENT=3 DEFAULT CHARSET=utf8mb4 COLLATE=utf8mb4_unicode_ci;

--
-- Déchargement des données de la table `bateaus`
--

INSERT INTO `bateaus` (`id`, `Matricule`, `Capacite`, `Libelle`, `Poids`, `Details`, `Kilometrage`, `gare_id`, `Longitude`, `Latitude`, `created_at`, `updated_at`) VALUES
(1, 'B001', 150, 'Plateau', 900, 'Bateau du Plateau', '522', 2, NULL, NULL, '2019-11-11 11:15:21', '2019-11-11 11:15:21'),
(2, 'B002', 120, 'Treichville', 800, 'Bateau du de Treichville', '660', 3, NULL, NULL, '2019-11-11 11:16:38', '2019-11-11 11:16:38');

-- --------------------------------------------------------

--
-- Structure de la table `caisses`
--

DROP TABLE IF EXISTS `caisses`;
CREATE TABLE IF NOT EXISTS `caisses` (
  `id` bigint(20) UNSIGNED NOT NULL AUTO_INCREMENT,
  `NomCaisse` varchar(191) COLLATE utf8mb4_unicode_ci NOT NULL,
  `gare_id` int(10) UNSIGNED NOT NULL,
  `created_at` timestamp NULL DEFAULT NULL,
  `updated_at` timestamp NULL DEFAULT NULL,
  PRIMARY KEY (`id`),
  KEY `caisses_gare_id_index` (`gare_id`)
) ENGINE=MyISAM AUTO_INCREMENT=16 DEFAULT CHARSET=utf8mb4 COLLATE=utf8mb4_unicode_ci;

--
-- Déchargement des données de la table `caisses`
--

INSERT INTO `caisses` (`id`, `NomCaisse`, `gare_id`, `created_at`, `updated_at`) VALUES
(1, 'Caisse BlockHauss', 1, '2019-11-11 11:20:58', '2019-11-11 11:20:58'),
(2, 'Caisse Plateau', 2, '2019-11-11 11:21:17', '2019-11-11 11:21:17'),
(3, 'Caisse Treichville', 3, '2019-11-11 11:21:38', '2019-11-11 11:21:38'),
(4, 'Caisse Faya', 4, '2019-11-11 11:21:55', '2019-11-11 11:21:55'),
(5, 'Caisse Kouté', 5, '2019-11-11 11:22:11', '2019-11-11 11:22:11'),
(6, 'Caisse BlockHauss 2', 1, '2019-11-13 13:02:22', '2019-11-13 13:02:22'),
(0, 'Caisse Mobile', 0, '2019-11-18 10:22:18', '2019-11-18 10:22:18'),
(8, 'Caisse 1', 1, '2019-11-18 14:15:55', '2019-11-18 14:15:55'),
(13, '2019-12-13', 1, '2019-12-01 10:28:08', '2019-12-01 10:28:08'),
(14, 'Caisse 5', 1, '2020-06-18 08:44:43', '2020-06-18 08:44:43'),
(15, 'Caisse 6', 1, '2020-09-03 20:07:32', '2020-09-03 20:07:32');

-- --------------------------------------------------------

--
-- Structure de la table `cartes`
--

DROP TABLE IF EXISTS `cartes`;
CREATE TABLE IF NOT EXISTS `cartes` (
  `id` bigint(20) UNSIGNED NOT NULL AUTO_INCREMENT,
  `client_id` int(10) UNSIGNED NOT NULL,
  `NumeroCarte` varchar(191) COLLATE utf8mb4_unicode_ci NOT NULL,
  `Solde` varchar(191) COLLATE utf8mb4_unicode_ci NOT NULL,
  `Cle` varchar(191) COLLATE utf8mb4_unicode_ci DEFAULT NULL,
  `Statut` tinyint(1) DEFAULT '0',
  `created_at` timestamp NULL DEFAULT NULL,
  `updated_at` timestamp NULL DEFAULT NULL,
  PRIMARY KEY (`id`),
  UNIQUE KEY `cartes_numerocarte_unique` (`NumeroCarte`),
  UNIQUE KEY `cartes_cle_unique` (`Cle`),
  KEY `cartes_client_id_index` (`client_id`)
) ENGINE=MyISAM AUTO_INCREMENT=17 DEFAULT CHARSET=utf8mb4 COLLATE=utf8mb4_unicode_ci;

--
-- Déchargement des données de la table `cartes`
--

INSERT INTO `cartes` (`id`, `client_id`, `NumeroCarte`, `Solde`, `Cle`, `Statut`, `created_at`, `updated_at`) VALUES
(1, 1, '45782429', '23500', 'LWCNBB4QFK84', 0, '2019-11-20 13:25:21', '2019-11-22 14:26:08'),
(3, 3, '95345876', '6600', 'P8HDAQ8G5J3G', 0, '2019-10-16 03:22:32', '2019-11-22 10:24:44'),
(5, 5, '24398584', '100', 'D6J5ZPEHCL4J', 0, '2019-11-20 16:58:42', '2019-11-22 11:49:26'),
(2, 2, '54274725', '1100', 'FU2XXU8W3PH7', 0, '2019-11-26 16:30:02', '2019-11-26 17:00:18'),
(15, 4, '62486846', '2300', 'BUPK4YE3MDU7', 0, '2019-11-26 16:30:48', '2019-11-26 16:30:48'),
(8, 2, '97698923', '0', 'TQEBZ3DQRWAW', 1, '2019-11-21 18:51:55', '2019-11-26 16:30:02'),
(11, 4, '83794454', '0', 'EFP2UBXDUW83', 1, '2019-11-22 14:46:42', '2019-12-01 08:45:46'),
(12, 4, '82296583', '2000', 'YAYHY9Z38LUM', 0, '2019-11-25 17:15:35', '2019-11-25 17:15:35'),
(13, 4, '92535258', '2300', 'YFQ4JLEEASPY', 0, '2019-11-26 16:04:05', '2019-11-26 16:04:05'),
(16, 178, '59936842', '0', '9WFHY26P67YX', 0, '2020-02-21 17:50:30', '2020-02-21 17:50:30');

-- --------------------------------------------------------

--
-- Structure de la table `clients`
--

DROP TABLE IF EXISTS `clients`;
CREATE TABLE IF NOT EXISTS `clients` (
  `id` bigint(20) UNSIGNED NOT NULL AUTO_INCREMENT,
  `NomClient` varchar(191) COLLATE utf8mb4_unicode_ci NOT NULL,
  `PrenomClient` varchar(191) COLLATE utf8mb4_unicode_ci NOT NULL,
  `AdresseClient` varchar(191) COLLATE utf8mb4_unicode_ci DEFAULT NULL,
  `TelephoneClient` varchar(191) COLLATE utf8mb4_unicode_ci NOT NULL,
  `created_at` timestamp NULL DEFAULT NULL,
  `updated_at` timestamp NULL DEFAULT NULL,
  PRIMARY KEY (`id`)
) ENGINE=MyISAM AUTO_INCREMENT=179 DEFAULT CHARSET=utf8mb4 COLLATE=utf8mb4_unicode_ci;

--
-- Déchargement des données de la table `clients`
--

INSERT INTO `clients` (`id`, `NomClient`, `PrenomClient`, `AdresseClient`, `TelephoneClient`, `created_at`, `updated_at`) VALUES
(1, 'KONE', 'Abraham', 'Abrahamkone@gmail.com', '08474872', '2019-11-04 09:54:24', '2019-11-04 09:54:24'),
(2, 'Kouakou', 'Vincent', 'vincent@live.fr', '79945641', '2019-11-04 09:55:18', '2019-11-04 09:55:18'),
(3, 'Coulibaly', 'Hakim', 'hakim@gmail.com', '71990988', '2019-11-04 09:55:47', '2019-11-04 09:55:47'),
(4, 'Brou', 'Rosalie', 'rosalie@gmail.com', '03817840', '2019-11-04 09:56:52', '2019-11-04 09:56:52'),
(6, 'Coulibaly', 'Abraham', 'hakim@gmaicom', '47514635', '2019-11-04 10:39:39', '2019-11-06 17:55:34'),
(15, 'Coulibaly', 'Abraham', 'Abrahamkone@gmail.com', '08474872', '2019-11-07 13:24:00', '2019-11-07 13:24:00'),
(5, 'Coulibaly', 'Céline', 'Coulibaly@gmail.com', '08474872', '2019-11-04 16:32:34', '2019-11-11 11:36:35'),
(13, 'Kouakou', 'Dimitri', 'vincent@live.fr', '01359425', '2019-11-04 11:55:51', '2019-11-04 11:55:51'),
(12, 'Kone', 'Céline', 'celine@gmail.com', '01359425', '2019-11-04 11:51:42', '2019-11-04 11:51:42'),
(59, ' DIBY', ' BASSIT', ' ', '  79945641', '2019-11-18 09:29:22', NULL),
(107, 'Coulibaly', 'Abraham', 'Abrahamkone@gmail.com', '08474872', '2019-11-19 11:11:27', '2019-11-19 11:11:27'),
(108, 'Coulibaly', 'Abraham', 'Abrahamkone@gmail.com', '08474872', '2019-11-19 11:12:57', '2019-11-19 11:12:57'),
(20, 'Kone', 'Rosalie', 'rosalie@gmail.com', '47514635', '2019-11-07 16:52:13', '2019-11-07 16:52:13'),
(127, 'Coulibaly', 'Abraham', 'Abrahamkone@gmail.com', '08474872', '2019-11-19 12:22:59', '2019-11-19 12:22:59'),
(126, 'Coulibaly', 'Abraham', 'Abrahamkone@gmail.com', '08474872', '2019-11-19 12:21:34', '2019-11-19 12:21:34'),
(123, 'Coulibaly', 'Abraham', 'Abrahamkone@gmail.com', '08474872', '2019-11-19 12:16:27', '2019-11-19 12:16:27'),
(120, 'Coulibaly', 'Abraham', 'Abrahamkone@gmail.com', '08474872', '2019-11-19 12:14:13', '2019-11-19 12:14:13'),
(121, 'Coulibaly', 'Abraham', 'Abrahamkone@gmail.com', '08474872', '2019-11-19 12:16:03', '2019-11-19 12:16:03'),
(122, 'Coulibaly', 'Abraham', 'Abrahamkone@gmail.com', '08474872', '2019-11-19 12:16:08', '2019-11-19 12:16:08'),
(125, 'Coulibaly', 'Abraham', 'Abrahamkone@gmail.com', '08474872', '2019-11-19 12:21:25', '2019-11-19 12:21:25'),
(124, 'Coulibaly', 'Abraham', 'Abrahamkone@gmail.com', '08474872', '2019-11-19 12:17:32', '2019-11-19 12:17:32'),
(118, 'Coulibaly', 'Abraham', 'Abrahamkone@gmail.com', '08474872', '2019-11-19 12:06:08', '2019-11-19 12:06:08'),
(119, 'Coulibaly', 'Abraham', 'Abrahamkone@gmail.com', '08474872', '2019-11-19 12:09:08', '2019-11-19 12:09:08'),
(117, 'Coulibaly', 'Abraham', 'Abrahamkone@gmail.com', '08474872', '2019-11-19 12:05:20', '2019-11-19 12:05:20'),
(173, 'Brou', 'Rosalie', 'rosalie@gmail.com', '03817840', '2019-11-21 18:07:35', '2019-11-21 18:07:35'),
(115, 'Coulibaly', 'Abraham', 'Abrahamkone@gmail.com', '08474872', '2019-11-19 12:02:53', '2019-11-19 12:02:53'),
(114, 'Coulibaly', 'Abraham', 'Abrahamkone@gmail.com', '08474872', '2019-11-19 12:00:43', '2019-11-19 12:00:43'),
(113, 'Coulibaly', 'Abraham', 'Abrahamkone@gmail.com', '08474872', '2019-11-19 12:00:11', '2019-11-19 12:00:11'),
(112, 'Coulibaly', 'Abraham', 'Abrahamkone@gmail.com', '08474872', '2019-11-19 11:38:26', '2019-11-19 11:38:26'),
(111, 'Coulibaly', 'Abraham', 'Abrahamkone@gmail.com', '08474872', '2019-11-19 11:27:29', '2019-11-19 11:27:29'),
(110, 'Coulibaly', 'Abraham', 'Abrahamkone@gmail.com', '08474872', '2019-11-19 11:23:11', '2019-11-19 11:23:11'),
(109, 'Coulibaly', 'Abraham', 'Abrahamkone@gmail.com', '08474872', '2019-11-19 11:19:05', '2019-11-19 11:19:05'),
(106, ' COULIBALY', ' VAZOUMANA', ' ', '  88366116', '2019-11-18 19:47:28', NULL),
(105, 'Armelle', 'Qualite', NULL, '04023434', '2019-11-18 19:35:42', '2020-02-21 17:53:01'),
(128, 'Coulibaly', 'Abraham', 'Abrahamkone@gmail.com', '08474872', '2019-11-19 14:20:07', '2019-11-19 14:20:07'),
(129, 'Coulibaly', 'Abraham', 'Abrahamkone@gmail.com', '08474872', '2019-11-19 14:29:49', '2019-11-19 14:29:49'),
(130, 'Coulibaly', 'Abraham', 'Abrahamkone@gmail.com', '08474872', '2019-11-19 14:30:22', '2019-11-19 14:30:22'),
(131, 'Coulibaly', 'Abraham', 'Abrahamkone@gmail.com', '08474872', '2019-11-19 14:30:28', '2019-11-19 14:30:28'),
(132, 'Coulibaly', 'Abraham', 'Abrahamkone@gmail.com', '08474872', '2019-11-19 14:30:46', '2019-11-19 14:30:46'),
(133, 'Coulibaly', 'Abraham', 'Abrahamkone@gmail.com', '08474872', '2019-11-19 14:31:48', '2019-11-19 14:31:48'),
(134, 'Coulibaly', 'Abraham', 'Abrahamkone@gmail.com', '08474872', '2019-11-19 14:32:23', '2019-11-19 14:32:23'),
(135, 'Coulibaly', 'Abraham', 'Abrahamkone@gmail.com', '08474872', '2019-11-19 14:32:29', '2019-11-19 14:32:29'),
(136, 'Coulibaly', 'Abraham', 'Abrahamkone@gmail.com', '08474872', '2019-11-19 14:32:43', '2019-11-19 14:32:43'),
(137, 'Coulibaly', 'Abraham', 'Abrahamkone@gmail.com', '08474872', '2019-11-19 14:47:52', '2019-11-19 14:47:52'),
(138, 'Coulibaly', 'Abraham', 'Abrahamkone@gmail.com', '08474872', '2019-11-19 14:48:08', '2019-11-19 14:48:08'),
(139, 'Coulibaly', 'Abraham', 'Abrahamkone@gmail.com', '08474872', '2019-11-19 14:48:34', '2019-11-19 14:48:34'),
(140, 'Coulibaly', 'Abraham', 'Abrahamkone@gmail.com', '08474872', '2019-11-19 14:49:10', '2019-11-19 14:49:10'),
(141, 'Coulibaly', 'Abraham', 'Abrahamkone@gmail.com', '08474872', '2019-11-19 14:53:38', '2019-11-19 14:53:38'),
(142, 'Coulibaly', 'Abraham', 'Abrahamkone@gmail.com', '08474872', '2019-11-19 14:59:43', '2019-11-19 14:59:43'),
(143, 'Coulibaly', 'Abraham', 'Abrahamkone@gmail.com', '08474872', '2019-11-19 15:00:04', '2019-11-19 15:00:04'),
(144, 'Coulibaly', 'Abraham', 'Abrahamkone@gmail.com', '08474872', '2019-11-19 15:00:19', '2019-11-19 15:00:19'),
(145, 'Coulibaly', 'Abraham', 'Abrahamkone@gmail.com', '08474872', '2019-11-19 15:00:59', '2019-11-19 15:00:59'),
(146, 'Coulibaly', 'Abraham', 'Abrahamkone@gmail.com', '08474872', '2019-11-19 15:02:14', '2019-11-19 15:02:14'),
(147, 'Coulibaly', 'Abraham', 'Abrahamkone@gmail.com', '08474872', '2019-11-19 15:02:45', '2019-11-19 15:02:45'),
(148, 'Coulibaly', 'Abraham', 'Abrahamkone@gmail.com', '08474872', '2019-11-19 15:07:26', '2019-11-19 15:07:26'),
(149, 'Coulibaly', 'Abraham', 'Abrahamkone@gmail.com', '08474872', '2019-11-19 15:42:00', '2019-11-19 15:42:00'),
(150, 'Coulibaly', 'Abraham', 'Abrahamkone@gmail.com', '08474872', '2019-11-19 15:42:08', '2019-11-19 15:42:08'),
(151, 'Coulibaly', 'Abraham', 'Abrahamkone@gmail.com', '08474872', '2019-11-19 15:42:35', '2019-11-19 15:42:35'),
(152, 'Coulibaly', 'Abraham', 'Abrahamkone@gmail.com', '08474872', '2019-11-19 15:43:04', '2019-11-19 15:43:04'),
(153, 'Coulibaly', 'Abraham', 'Abrahamkone@gmail.com', '08474872', '2019-11-19 15:44:37', '2019-11-19 15:44:37'),
(154, 'Coulibaly', 'Abraham', 'Abrahamkone@gmail.com', '08474872', '2019-11-19 15:45:06', '2019-11-19 15:45:06'),
(155, 'Coulibaly', 'Abraham', 'Abrahamkone@gmail.com', '08474872', '2019-11-19 15:46:26', '2019-11-19 15:46:26'),
(156, 'Coulibaly', 'Abraham', 'Abrahamkone@gmail.com', '08474872', '2019-11-19 15:46:44', '2019-11-19 15:46:44'),
(157, 'Coulibaly', 'Abraham', 'Abrahamkone@gmail.com', '08474872', '2019-11-19 15:47:01', '2019-11-19 15:47:01'),
(158, 'Coulibaly', 'Abraham', 'Abrahamkone@gmail.com', '08474872', '2019-11-19 15:47:20', '2019-11-19 15:47:20'),
(159, 'Coulibaly', 'Abraham', 'Abrahamkone@gmail.com', '08474872', '2019-11-19 15:47:23', '2019-11-19 15:47:23'),
(160, 'Coulibaly', 'Abraham', 'Abrahamkone@gmail.com', '08474872', '2019-11-19 15:47:35', '2019-11-19 15:47:35'),
(161, 'Coulibaly', 'Abraham', 'vincent@live.fr', '08474872', '2019-11-19 15:50:26', '2019-11-19 15:50:26'),
(162, 'Coulibaly', 'Abraham', 'vincent@live.fr', '08474872', '2019-11-19 15:51:18', '2019-11-19 15:51:18'),
(163, 'Coulibaly', 'Abraham', 'vincent@live.fr', '08474872', '2019-11-19 15:51:43', '2019-11-19 15:51:43'),
(164, 'Coulibaly', 'Abraham', 'vincent@live.fr', '08474872', '2019-11-19 15:52:14', '2019-11-19 15:52:14'),
(165, 'Coulibaly', 'Abraham', 'vincent@live.fr', '08474872', '2019-11-19 16:01:18', '2019-11-19 16:01:18'),
(166, 'Coulibaly', 'Abraham', 'vincent@live.fr', '08474872', '2019-11-19 16:01:36', '2019-11-19 16:01:36'),
(167, 'Coulibaly', 'Abraham', 'vincent@live.fr', '08474872', '2019-11-19 16:05:50', '2019-11-19 16:05:50'),
(170, ' Marcelo', ' Oureriolo', ' ', '  07097203', '2019-11-19 23:50:02', NULL),
(171, 'KONE', 'Dimitri', 'Abrahamkone@gmail.com', '08474872', '2019-11-20 16:58:33', '2019-11-20 16:58:33'),
(172, 'Coulibaly', 'Abraham', NULL, '08474872', '2019-11-20 18:32:15', '2019-11-20 18:32:15'),
(174, 'Brou', 'Rosalie', 'rosalie@gmail.com', '03817840', '2019-11-21 18:10:12', '2019-11-21 18:10:12'),
(175, 'Brou', 'Rosalie', 'rosalie@gmail.com', '03817840', '2019-11-21 18:11:25', '2019-11-21 18:11:25'),
(176, 'Brou', 'Rosalie', 'rosalie@gmail.com', '03817840', '2019-11-21 18:11:36', '2019-11-21 18:11:36'),
(177, 'Brou', 'Rosalie', 'rosalie@gmail.com', '03817840', '2019-11-21 18:32:54', '2019-11-21 18:32:54'),
(178, 'Kone', 'Vincent', 'abrahamkone12@gmail.com', '45454545', '2020-02-21 17:46:18', '2020-02-21 17:46:18');

-- --------------------------------------------------------

--
-- Structure de la table `fonctions`
--

DROP TABLE IF EXISTS `fonctions`;
CREATE TABLE IF NOT EXISTS `fonctions` (
  `id` bigint(20) UNSIGNED NOT NULL AUTO_INCREMENT,
  `NomFocntion` varchar(191) COLLATE utf8mb4_unicode_ci NOT NULL,
  `created_at` timestamp NULL DEFAULT NULL,
  `updated_at` timestamp NULL DEFAULT NULL,
  PRIMARY KEY (`id`)
) ENGINE=MyISAM DEFAULT CHARSET=utf8mb4 COLLATE=utf8mb4_unicode_ci;

-- --------------------------------------------------------

--
-- Structure de la table `gares`
--

DROP TABLE IF EXISTS `gares`;
CREATE TABLE IF NOT EXISTS `gares` (
  `id` bigint(20) UNSIGNED NOT NULL AUTO_INCREMENT,
  `NomGare` varchar(191) COLLATE utf8mb4_unicode_ci NOT NULL,
  `ResponsableGare` varchar(191) COLLATE utf8mb4_unicode_ci NOT NULL,
  `NumeroGare` varchar(191) COLLATE utf8mb4_unicode_ci NOT NULL,
  `AdresseGare` varchar(191) COLLATE utf8mb4_unicode_ci NOT NULL,
  `TelephoneGare` varchar(191) COLLATE utf8mb4_unicode_ci NOT NULL,
  `Couleur` varchar(191) COLLATE utf8mb4_unicode_ci NOT NULL,
  `created_at` timestamp NULL DEFAULT NULL,
  `updated_at` timestamp NULL DEFAULT NULL,
  PRIMARY KEY (`id`)
) ENGINE=MyISAM AUTO_INCREMENT=13 DEFAULT CHARSET=utf8mb4 COLLATE=utf8mb4_unicode_ci;

--
-- Déchargement des données de la table `gares`
--

INSERT INTO `gares` (`id`, `NomGare`, `ResponsableGare`, `NumeroGare`, `AdresseGare`, `TelephoneGare`, `Couleur`, `created_at`, `updated_at`) VALUES
(1, 'Gare de Cocody-BlockHauss', 'Kone Abraham', '110', 'cocody@yahoo.fr', '84858662', 'rgb(2,117,216)', '2019-11-04 09:57:31', '2019-11-04 09:57:31'),
(2, 'Gare de Plateau-GareSud', 'Brou Marc', '111', 'plateau@gmail.fr', '05241568', 'rgb(255, 0, 0)', '2019-11-04 09:58:04', '2019-11-04 09:58:04'),
(3, 'Gare de Treichville', 'N\'guessan Wilfrid', '112', 'treichville@gmail.com', '01020304', 'rgb(5, 173, 0)', '2019-11-04 09:58:21', '2019-11-04 09:58:21'),
(4, 'Gare de Cocody-Fava', 'Kone Abraham', '113', 'plateau@gmail.fr', '84858662', 'rgb(255, 120, 0)', '2019-11-04 16:33:09', '2019-11-04 16:33:09'),
(5, 'Gare de Yopougon-Koute', 'Abraham', '114', 'plateau@gmail.fr', '45241568', 'rgb(255, 228, 0)', '2019-11-06 12:27:43', '2019-11-06 12:27:43'),
(0, 'Gare Mobile', 'Dybi Bassit', '115', 'dybi@gmail.com', '84858662', 'rgb(102, 0, 153)', '2019-11-18 10:18:39', '2019-11-18 10:18:39');

-- --------------------------------------------------------

--
-- Structure de la table `migrations`
--

DROP TABLE IF EXISTS `migrations`;
CREATE TABLE IF NOT EXISTS `migrations` (
  `id` int(10) UNSIGNED NOT NULL AUTO_INCREMENT,
  `migration` varchar(191) COLLATE utf8mb4_unicode_ci NOT NULL,
  `batch` int(11) NOT NULL,
  PRIMARY KEY (`id`)
) ENGINE=MyISAM AUTO_INCREMENT=46 DEFAULT CHARSET=utf8mb4 COLLATE=utf8mb4_unicode_ci;

--
-- Déchargement des données de la table `migrations`
--

INSERT INTO `migrations` (`id`, `migration`, `batch`) VALUES
(22, '2014_10_12_000000_create_users_table', 1),
(23, '2014_10_12_100000_create_password_resets_table', 1),
(24, '2016_06_01_000001_create_oauth_auth_codes_table', 1),
(25, '2016_06_01_000002_create_oauth_access_tokens_table', 1),
(26, '2016_06_01_000003_create_oauth_refresh_tokens_table', 1),
(27, '2016_06_01_000004_create_oauth_clients_table', 1),
(28, '2016_06_01_000005_create_oauth_personal_access_clients_table', 1),
(29, '2019_10_23_085940_create_clients_table', 1),
(30, '2019_10_23_122642_create_cartes_table', 3),
(31, '2019_10_23_122802_create_gares_table', 1),
(32, '2019_10_23_122942_create_telephones_table', 1),
(33, '2019_10_23_123019_create_transactions_table', 1),
(34, '2019_10_24_120753_create_recharges_table', 1),
(35, '2019_10_24_173227_create_caisses_table', 1),
(36, '2019_10_25_104722_create_bateaus_table', 1),
(37, '2019_10_25_110112_create_fonctions_table', 1),
(38, '2019_10_25_110154_create_voyages_table', 1),
(39, '2019_10_31_153213_create_terminals_table', 1),
(40, '2019_11_08_153415_create_profils_table', 1),
(42, '2019_11_14_172812_create_batchs_table', 2),
(45, '2019_11_26_154943_create_transferts_table', 4);

-- --------------------------------------------------------

--
-- Structure de la table `oauth_access_tokens`
--

DROP TABLE IF EXISTS `oauth_access_tokens`;
CREATE TABLE IF NOT EXISTS `oauth_access_tokens` (
  `id` varchar(100) COLLATE utf8mb4_unicode_ci NOT NULL,
  `user_id` bigint(20) DEFAULT NULL,
  `client_id` int(10) UNSIGNED NOT NULL,
  `name` varchar(191) COLLATE utf8mb4_unicode_ci DEFAULT NULL,
  `scopes` text COLLATE utf8mb4_unicode_ci,
  `revoked` tinyint(1) NOT NULL,
  `created_at` timestamp NULL DEFAULT NULL,
  `updated_at` timestamp NULL DEFAULT NULL,
  `expires_at` datetime DEFAULT NULL,
  PRIMARY KEY (`id`),
  KEY `oauth_access_tokens_user_id_index` (`user_id`)
) ENGINE=MyISAM DEFAULT CHARSET=utf8mb4 COLLATE=utf8mb4_unicode_ci;

-- --------------------------------------------------------

--
-- Structure de la table `oauth_auth_codes`
--

DROP TABLE IF EXISTS `oauth_auth_codes`;
CREATE TABLE IF NOT EXISTS `oauth_auth_codes` (
  `id` varchar(100) COLLATE utf8mb4_unicode_ci NOT NULL,
  `user_id` bigint(20) NOT NULL,
  `client_id` int(10) UNSIGNED NOT NULL,
  `scopes` text COLLATE utf8mb4_unicode_ci,
  `revoked` tinyint(1) NOT NULL,
  `expires_at` datetime DEFAULT NULL,
  PRIMARY KEY (`id`)
) ENGINE=MyISAM DEFAULT CHARSET=utf8mb4 COLLATE=utf8mb4_unicode_ci;

-- --------------------------------------------------------

--
-- Structure de la table `oauth_clients`
--

DROP TABLE IF EXISTS `oauth_clients`;
CREATE TABLE IF NOT EXISTS `oauth_clients` (
  `id` int(10) UNSIGNED NOT NULL AUTO_INCREMENT,
  `user_id` bigint(20) DEFAULT NULL,
  `name` varchar(191) COLLATE utf8mb4_unicode_ci NOT NULL,
  `secret` varchar(100) COLLATE utf8mb4_unicode_ci NOT NULL,
  `redirect` text COLLATE utf8mb4_unicode_ci NOT NULL,
  `personal_access_client` tinyint(1) NOT NULL,
  `password_client` tinyint(1) NOT NULL,
  `revoked` tinyint(1) NOT NULL,
  `created_at` timestamp NULL DEFAULT NULL,
  `updated_at` timestamp NULL DEFAULT NULL,
  PRIMARY KEY (`id`),
  KEY `oauth_clients_user_id_index` (`user_id`)
) ENGINE=MyISAM DEFAULT CHARSET=utf8mb4 COLLATE=utf8mb4_unicode_ci;

-- --------------------------------------------------------

--
-- Structure de la table `oauth_personal_access_clients`
--

DROP TABLE IF EXISTS `oauth_personal_access_clients`;
CREATE TABLE IF NOT EXISTS `oauth_personal_access_clients` (
  `id` int(10) UNSIGNED NOT NULL AUTO_INCREMENT,
  `client_id` int(10) UNSIGNED NOT NULL,
  `created_at` timestamp NULL DEFAULT NULL,
  `updated_at` timestamp NULL DEFAULT NULL,
  PRIMARY KEY (`id`),
  KEY `oauth_personal_access_clients_client_id_index` (`client_id`)
) ENGINE=MyISAM DEFAULT CHARSET=utf8mb4 COLLATE=utf8mb4_unicode_ci;

-- --------------------------------------------------------

--
-- Structure de la table `oauth_refresh_tokens`
--

DROP TABLE IF EXISTS `oauth_refresh_tokens`;
CREATE TABLE IF NOT EXISTS `oauth_refresh_tokens` (
  `id` varchar(100) COLLATE utf8mb4_unicode_ci NOT NULL,
  `access_token_id` varchar(100) COLLATE utf8mb4_unicode_ci NOT NULL,
  `revoked` tinyint(1) NOT NULL,
  `expires_at` datetime DEFAULT NULL,
  PRIMARY KEY (`id`),
  KEY `oauth_refresh_tokens_access_token_id_index` (`access_token_id`)
) ENGINE=MyISAM DEFAULT CHARSET=utf8mb4 COLLATE=utf8mb4_unicode_ci;

-- --------------------------------------------------------

--
-- Structure de la table `password_resets`
--

DROP TABLE IF EXISTS `password_resets`;
CREATE TABLE IF NOT EXISTS `password_resets` (
  `email` varchar(191) COLLATE utf8mb4_unicode_ci NOT NULL,
  `token` varchar(191) COLLATE utf8mb4_unicode_ci NOT NULL,
  `created_at` timestamp NULL DEFAULT NULL,
  KEY `password_resets_email_index` (`email`)
) ENGINE=MyISAM DEFAULT CHARSET=utf8mb4 COLLATE=utf8mb4_unicode_ci;

-- --------------------------------------------------------

--
-- Structure de la table `profils`
--

DROP TABLE IF EXISTS `profils`;
CREATE TABLE IF NOT EXISTS `profils` (
  `id` bigint(20) UNSIGNED NOT NULL AUTO_INCREMENT,
  `created_at` timestamp NULL DEFAULT NULL,
  `updated_at` timestamp NULL DEFAULT NULL,
  PRIMARY KEY (`id`)
) ENGINE=MyISAM DEFAULT CHARSET=utf8mb4 COLLATE=utf8mb4_unicode_ci;

-- --------------------------------------------------------

--
-- Structure de la table `recharges`
--

DROP TABLE IF EXISTS `recharges`;
CREATE TABLE IF NOT EXISTS `recharges` (
  `id` bigint(20) UNSIGNED NOT NULL AUTO_INCREMENT,
  `Montant` int(11) NOT NULL,
  `TypeRecharge` varchar(191) COLLATE utf8mb4_unicode_ci NOT NULL,
  `carte_id` int(10) UNSIGNED NOT NULL,
  `caisse_id` int(10) UNSIGNED NOT NULL,
  `gare_id` int(10) UNSIGNED NOT NULL,
  `created_at` timestamp NULL DEFAULT NULL,
  `updated_at` timestamp NULL DEFAULT NULL,
  PRIMARY KEY (`id`),
  KEY `recharges_carte_id_index` (`carte_id`),
  KEY `recharges_caisse_id_index` (`caisse_id`),
  KEY `recharges_gare_id_index` (`gare_id`)
) ENGINE=MyISAM AUTO_INCREMENT=35 DEFAULT CHARSET=utf8mb4 COLLATE=utf8mb4_unicode_ci;

--
-- Déchargement des données de la table `recharges`
--

INSERT INTO `recharges` (`id`, `Montant`, `TypeRecharge`, `carte_id`, `caisse_id`, `gare_id`, `created_at`, `updated_at`) VALUES
(1, 1500, 'Carte', 2, 1, 1, '2020-09-10 00:00:00', '2019-11-11 11:22:31'),
(2, 500, 'Carte', 1, 2, 2, '2019-11-11 11:37:48', '2019-11-11 11:37:48'),
(3, 500, 'Carte', 2, 1, 1, '2019-11-13 14:57:44', '2019-11-13 14:57:44'),
(4, 100, 'Carte', 1, 1, 2, '2019-11-13 14:57:59', '2019-11-13 14:57:59'),
(5, 500, 'Carte', 1, 1, 1, '2019-11-13 15:36:52', '2019-11-13 15:36:52'),
(6, 500, 'Carte', 2, 1, 1, '2019-11-13 18:40:15', '2019-11-13 18:40:15'),
(17, 500, 'Carte', 2, 2, 2, '2019-11-18 11:06:00', '2019-11-18 11:06:00'),
(18, 500, 'Carte', 2, 2, 2, '2019-11-18 11:07:11', '2019-11-18 11:07:11'),
(19, 500, 'Carte', 2, 1, 1, '2019-11-18 17:19:54', '2019-11-18 17:19:54'),
(20, 500, 'Carte', 2, 1, 1, '2019-11-18 17:20:44', '2019-11-18 17:20:44'),
(21, 500, 'Carte', 1, 1, 1, '2019-11-18 17:23:15', '2019-11-18 17:23:15'),
(34, 5000, 'Carte', 1, 1, 1, '2020-09-10 08:16:14', '2020-07-15 00:00:00'),
(32, 100, 'Carte', 5, 2, 2, '2019-11-21 09:45:19', '2019-11-21 09:45:19'),
(31, 500, 'Carte', 1, 1, 1, '2020-02-21 18:42:46', '2019-11-20 18:42:46');

-- --------------------------------------------------------

--
-- Structure de la table `telephones`
--

DROP TABLE IF EXISTS `telephones`;
CREATE TABLE IF NOT EXISTS `telephones` (
  `id` bigint(20) UNSIGNED NOT NULL AUTO_INCREMENT,
  `Solde` varchar(191) COLLATE utf8mb4_unicode_ci NOT NULL,
  `IMEI` varchar(191) COLLATE utf8mb4_unicode_ci NOT NULL,
  `MSISDN` varchar(191) COLLATE utf8mb4_unicode_ci NOT NULL,
  `client_id` int(10) UNSIGNED NOT NULL,
  `created_at` timestamp NULL DEFAULT NULL,
  `updated_at` timestamp NULL DEFAULT NULL,
  PRIMARY KEY (`id`),
  KEY `telephones_client_id_index` (`client_id`)
) ENGINE=MyISAM DEFAULT CHARSET=utf8mb4 COLLATE=utf8mb4_unicode_ci;

-- --------------------------------------------------------

--
-- Structure de la table `terminals`
--

DROP TABLE IF EXISTS `terminals`;
CREATE TABLE IF NOT EXISTS `terminals` (
  `id` bigint(20) UNSIGNED NOT NULL AUTO_INCREMENT,
  `Libelle` varchar(191) COLLATE utf8mb4_unicode_ci NOT NULL,
  `NumeroSerie` varchar(191) COLLATE utf8mb4_unicode_ci NOT NULL,
  `gare_id` int(10) UNSIGNED NOT NULL,
  `Statut` tinyint(1) DEFAULT NULL,
  `created_at` timestamp NULL DEFAULT NULL,
  `updated_at` timestamp NULL DEFAULT NULL,
  PRIMARY KEY (`id`),
  UNIQUE KEY `terminals_numeroserie_unique` (`NumeroSerie`),
  KEY `terminals_gare_id_index` (`gare_id`)
) ENGINE=MyISAM AUTO_INCREMENT=40 DEFAULT CHARSET=utf8mb4 COLLATE=utf8mb4_unicode_ci;

--
-- Déchargement des données de la table `terminals`
--

INSERT INTO `terminals` (`id`, `Libelle`, `NumeroSerie`, `gare_id`, `Statut`, `created_at`, `updated_at`) VALUES
(1, 'Terminal 1', 'H001 26 k98', 1, 0, '2019-11-04 10:06:16', '2019-11-22 09:47:37'),
(2, 'Terminal 2', 'Z001 27 D75', 2, 0, '2019-11-04 10:06:38', '2019-11-11 19:23:38'),
(3, 'Terminal 3', 'F011 52 A17', 2, 0, '2019-11-04 10:06:59', '2019-11-11 13:41:36'),
(4, 'Terminal 4', 'F011 68 D47', 5, 0, '2019-11-04 17:02:28', '2019-11-08 12:41:06'),
(5, 'Terminal 5', '0012775s', 4, 0, '2019-11-06 12:03:14', '2019-11-06 12:03:14'),
(6, 'Terminal 6', '0012775q', 5, 0, '2019-11-05 19:09:02', '2019-11-05 19:09:02'),
(7, 'Terminal 7', '0012775', 3, 0, '2019-11-05 19:04:42', '2019-11-05 19:04:42'),
(33, 'Terminal 8', '0012775AA', 1, 1, '2019-11-13 11:20:21', '2019-11-18 14:31:19'),
(34, 'Terminal 10', '0012698bb', 1, 1, '2019-11-13 11:49:09', '2019-11-18 14:31:57'),
(39, 'Terminal 7', 'C0025 H12', 1, 0, '2020-06-18 08:10:40', '2020-06-18 08:10:40');

-- --------------------------------------------------------

--
-- Structure de la table `transactions`
--

DROP TABLE IF EXISTS `transactions`;
CREATE TABLE IF NOT EXISTS `transactions` (
  `id` bigint(20) UNSIGNED NOT NULL AUTO_INCREMENT,
  `DebitTransaction` varchar(191) COLLATE utf8mb4_unicode_ci NOT NULL,
  `CreditTransaction` varchar(191) COLLATE utf8mb4_unicode_ci NOT NULL,
  `carte_id` int(10) UNSIGNED NOT NULL,
  `telephone_id` int(10) UNSIGNED DEFAULT NULL,
  `gare_id` int(10) UNSIGNED NOT NULL,
  `created_at` timestamp NULL DEFAULT NULL,
  `updated_at` timestamp NULL DEFAULT NULL,
  PRIMARY KEY (`id`),
  KEY `transactions_carte_id_index` (`carte_id`),
  KEY `transactions_telephone_id_index` (`telephone_id`),
  KEY `transactions_gare_id_index` (`gare_id`)
) ENGINE=MyISAM AUTO_INCREMENT=354 DEFAULT CHARSET=utf8mb4 COLLATE=utf8mb4_unicode_ci;

--
-- Déchargement des données de la table `transactions`
--

INSERT INTO `transactions` (`id`, `DebitTransaction`, `CreditTransaction`, `carte_id`, `telephone_id`, `gare_id`, `created_at`, `updated_at`) VALUES
(1, '200', '0', 1, 1, 1, '2020-09-21 08:18:08', '2020-09-21 08:18:08'),
(2, '200', '0', 2, 1, 2, '2020-09-10 11:20:12', '2019-11-05 11:12:12'),
(3, '200', '0', 3, 4, 1, '2020-01-02 07:30:30', '2019-11-05 08:07:18'),
(4, '200', '0', 3, 4, 3, '2020-01-24 04:16:12', '2019-11-05 07:34:06'),
(5, '200', '0', 2, 0, 3, '2020-06-06 00:00:00', NULL),
(6, '200', '0', 2, 0, 1, '2020-04-08 00:00:00', NULL),
(7, '200', '0', 2, 0, 1, '2020-04-02 00:00:00', NULL),
(8, '200', '0', 2, 0, 1, '2020-04-21 00:00:00', NULL),
(9, '200', '0', 2, 0, 1, '2020-07-15 00:00:00', NULL),
(10, '200', '0', 2, 0, 1, '2019-01-06 00:00:00', NULL),
(11, '200', '0', 2, 0, 1, '2019-08-06 00:00:00', NULL),
(12, '200', '0', 2, 0, 1, '2019-08-06 00:00:00', NULL),
(13, '200', '0', 2, 0, 1, '2019-01-06 00:00:00', NULL),
(14, '200', '0', 2, 0, 1, '2019-01-06 00:00:00', NULL),
(15, '200', '0', 2, 0, 1, '2019-10-06 00:00:00', NULL),
(16, '200', '0', 2, 0, 1, '2019-08-06 00:00:00', NULL),
(17, '200', '0', 1, 0, 1, '2019-08-06 00:00:00', NULL),
(18, '200', '0', 1, 0, 4, '2020-01-23 00:00:00', NULL),
(19, '200', '0', 1, 0, 1, '2019-08-06 00:00:00', NULL),
(20, '200', '0', 1, 0, 5, '2020-08-07 00:00:00', NULL),
(21, '200', '0', 1, 0, 1, '2019-04-06 00:00:00', NULL),
(22, '200', '0', 2, 0, 1, '2019-08-06 00:00:00', NULL),
(23, '200', '0', 2, 0, 1, '2019-03-06 00:00:00', NULL),
(24, '200', '0', 2, 0, 1, '2019-08-06 00:00:00', NULL),
(25, '200', '0', 2, 0, 1, '2019-09-25 12:23:16', NULL),
(26, '200', '0', 2, 0, 1, '2019-07-06 00:00:00', NULL),
(27, '200', '0', 2, 0, 1, '2019-08-06 00:00:00', NULL),
(28, '200', '0', 2, 0, 1, '2019-08-06 00:00:00', NULL),
(29, '200', '0', 2, 0, 1, '2019-07-06 00:00:00', NULL),
(30, '200', '0', 2, 0, 1, '2019-08-06 00:00:00', NULL),
(31, '200', '0', 2, 0, 1, '2019-02-06 00:00:00', NULL),
(32, '200', '0', 3, 0, 1, '2019-08-06 00:00:00', NULL),
(33, '200', '0', 2, 0, 1, '2019-04-06 00:00:00', NULL),
(34, '200', '0', 2, 0, 1, '2019-08-06 00:00:00', NULL),
(35, '200', '0', 3, 0, 1, '2019-11-06 00:00:00', NULL),
(36, '200', '0', 3, 0, 1, '2019-08-06 00:00:00', NULL),
(37, '200', '0', 3, 0, 1, '2019-08-06 00:00:00', NULL),
(38, '200', '0', 2, 0, 1, '2019-04-06 00:00:00', NULL),
(39, '200', '0', 1, 0, 1, '2019-11-06 00:00:00', NULL),
(40, '200', '0', 1, 0, 1, '2019-11-06 14:19:32', NULL),
(41, '200', '0', 1, 0, 1, '2019-11-06 00:00:00', NULL),
(42, '200', '0', 1, 0, 1, '2019-11-06 14:19:39', NULL),
(43, '200', '0', 2, 0, 1, '2019-11-06 14:20:01', NULL),
(44, '200', '0', 2, 0, 1, '2019-11-06 00:00:00', NULL),
(45, '200', '0', 2, 0, 1, '2019-11-06 14:20:07', NULL),
(46, '200', '0', 3, 0, 1, '2019-11-06 00:00:00', NULL),
(47, '200', '0', 3, 0, 1, '2019-11-06 00:00:00', NULL),
(48, '200', '0', 3, 0, 1, '2019-11-06 14:20:29', NULL),
(49, '200', '0', 2, 0, 1, '2019-11-06 00:00:00', NULL),
(50, '200', '0', 2, 0, 1, '2019-11-06 14:20:43', NULL),
(51, '200', '0', 1, 0, 1, '2019-11-06 00:00:00', NULL),
(52, '200', '0', 1, 0, 1, '2019-11-06 14:20:50', NULL),
(53, '200', '0', 1, 0, 1, '2019-11-06 14:21:11', NULL),
(54, '200', '0', 1, 0, 1, '2019-11-06 00:00:00', NULL),
(55, '200', '0', 2, 0, 1, '2019-11-06 00:00:00', NULL),
(56, '200', '0', 2, 0, 1, '2019-11-06 14:21:30', NULL),
(58, '200', '0', 3, 0, 1, '2019-11-06 14:25:58', NULL),
(59, '200', '0', 1, 0, 1, '2019-11-06 14:26:08', NULL),
(60, '200', '0', 1, 0, 1, '2019-11-06 00:00:00', NULL),
(61, '200', '0', 1, 0, 1, '2019-11-06 00:00:00', NULL),
(62, '200', '0', 1, 0, 1, '2019-11-06 14:26:17', NULL),
(63, '200', '0', 2, 0, 1, '2019-11-06 14:26:27', NULL),
(64, '200', '0', 2, 0, 1, '2019-11-06 00:00:00', NULL),
(65, '200', '0', 2, 0, 1, '2019-11-06 00:00:00', NULL),
(66, '200', '0', 3, 0, 1, '2019-11-06 00:00:00', NULL),
(67, '200', '0', 3, 0, 1, '2019-11-06 14:26:44', NULL),
(68, '200', '0', 1, 0, 1, '2019-11-06 00:00:00', NULL),
(69, '200', '0', 1, 0, 1, '2019-11-06 14:26:54', NULL),
(70, '200', '0', 1, 0, 1, '2019-11-07 00:00:00', NULL),
(71, '200', '0', 2, 0, 1, '2019-11-07 00:00:00', NULL),
(72, '200', '0', 2, 0, 1, '2019-11-07 00:00:00', NULL),
(73, '200', '0', 2, 0, 1, '2019-11-07 00:00:00', NULL),
(74, '200', '0', 1, 0, 1, '2019-11-07 00:00:00', NULL),
(75, '200', '0', 2, 0, 1, '2019-11-07 00:00:00', NULL),
(76, '200', '0', 2, 0, 1, '2019-11-07 00:00:00', NULL),
(77, '200', '0', 3, 0, 1, '2019-11-07 00:00:00', NULL),
(78, '200', '0', 3, 0, 1, '2019-11-07 00:00:00', NULL),
(79, '200', '0', 3, 0, 1, '2019-11-07 00:00:00', NULL),
(80, '200', '0', 2, 0, 1, '2019-11-07 00:00:00', NULL),
(81, '200', '0', 2, 0, 1, '2019-11-07 00:00:00', NULL),
(82, '200', '0', 2, 0, 1, '2019-11-07 00:00:00', NULL),
(83, '200', '0', 2, 0, 1, '2019-11-07 00:00:00', NULL),
(84, '200', '0', 2, 0, 1, '2019-11-07 00:00:00', NULL),
(85, '200', '0', 2, 0, 1, '2019-11-07 00:00:00', NULL),
(86, '200', '0', 2, 0, 1, '2019-11-07 00:00:00', NULL),
(87, '200', '0', 2, 0, 1, '2019-11-08 08:09:39', NULL),
(88, '200', '0', 2, 0, 1, '2019-11-08 08:09:47', NULL),
(89, '200', '0', 2, 0, 1, '2019-11-08 08:09:49', NULL),
(90, '200', '0', 3, 0, 1, '2019-11-08 08:10:09', NULL),
(91, '200', '0', 2, 0, 1, '2019-11-08 09:58:51', NULL),
(92, '200', '0', 2, 0, 1, '2019-11-08 10:00:20', NULL),
(93, '200', '0', 2, 0, 1, '2019-11-08 10:02:23', NULL),
(94, '200', '0', 3, 0, 1, '2019-11-08 10:06:39', NULL),
(95, '200', '0', 2, 0, 1, '2019-11-08 10:10:59', NULL),
(96, '200', '0', 3, 0, 1, '2019-11-08 10:12:48', NULL),
(97, '200', '0', 2, 0, 1, '2019-11-08 10:38:50', NULL),
(98, '200', '0', 3, 0, 1, '2019-11-08 10:39:58', NULL),
(99, '200', '0', 2, 0, 1, '2019-11-08 10:43:48', NULL),
(100, '200', '0', 2, 0, 1, '2019-11-08 10:45:47', NULL),
(101, '200', '0', 1, 0, 1, '2019-11-08 10:45:54', NULL),
(102, '200', '0', 1, 0, 1, '2019-11-08 10:45:55', NULL),
(103, '200', '0', 1, 0, 1, '2019-11-08 10:47:24', NULL),
(104, '200', '0', 1, 0, 1, '2019-11-08 10:48:46', NULL),
(105, '200', '0', 1, 0, 1, '2019-11-08 10:53:06', NULL),
(106, '200', '0', 2, 0, 1, '2019-11-08 10:53:12', NULL),
(107, '200', '0', 3, 0, 1, '2019-11-08 10:53:16', NULL),
(108, '200', '0', 2, 0, 1, '2019-11-08 11:11:59', NULL),
(109, '200', '0', 2, 0, 1, '2019-11-08 11:12:00', NULL),
(110, '200', '0', 1, 0, 1, '2019-11-08 11:12:09', NULL),
(111, '200', '0', 1, 0, 1, '2019-11-08 11:12:19', NULL),
(112, '200', '0', 1, 0, 1, '2019-11-08 11:12:19', NULL),
(113, '200', '0', 3, 0, 1, '2019-11-08 11:12:31', NULL),
(114, '200', '0', 3, 0, 1, '2019-11-08 11:12:32', NULL),
(115, '200', '0', 3, 0, 1, '2019-11-08 11:23:00', NULL),
(116, '200', '0', 2, 0, 1, '2019-11-08 11:23:24', NULL),
(117, '200', '0', 2, 0, 1, '2019-11-08 11:23:24', NULL),
(118, '200', '0', 3, 0, 1, '2019-11-08 11:52:05', NULL),
(119, '200', '0', 3, 0, 1, '2019-11-08 11:52:05', NULL),
(120, '200', '0', 3, 0, 1, '2019-11-08 11:52:49', NULL),
(121, '200', '0', 3, 0, 1, '2019-11-08 11:52:49', NULL),
(122, '200', '0', 2, 0, 1, '2019-11-08 11:53:10', NULL),
(123, '200', '0', 2, 0, 1, '2019-11-08 11:53:11', NULL),
(124, '200', '0', 3, 0, 1, '2019-11-08 11:53:18', NULL),
(125, '200', '0', 3, 0, 1, '2019-11-08 11:53:18', NULL),
(126, '200', '0', 3, 0, 1, '2019-11-08 16:29:11', NULL),
(127, '200', '0', 3, 0, 2, '2019-11-08 16:29:11', NULL),
(128, '200', '0', 2, 0, 3, '2019-11-08 16:46:51', NULL),
(129, '200', '0', 2, 0, 2, '2019-11-08 16:47:06', NULL),
(130, '200', '0', 2, 0, 1, '2019-11-08 16:47:06', NULL),
(131, '200', '0', 2, 0, 4, '2019-11-08 16:47:32', NULL),
(132, '200', '0', 2, 0, 1, '2019-11-08 16:48:16', NULL),
(133, '200', '0', 2, 0, 1, '2019-11-08 16:48:43', NULL),
(134, '200', '0', 2, 0, 1, '2019-11-08 16:49:11', NULL),
(135, '200', '0', 2, 0, 1, '2019-11-08 16:50:23', NULL),
(136, '200', '0', 2, 0, 1, '2019-11-08 16:51:00', NULL),
(137, '200', '0', 2, 0, 5, '2019-11-08 16:51:11', NULL),
(138, '200', '0', 2, 0, 1, '2019-11-08 16:53:23', NULL),
(139, '200', '0', 2, 0, 1, '2019-11-08 16:53:52', NULL),
(140, '200', '0', 2, 0, 1, '2019-11-08 17:00:13', NULL),
(141, '200', '0', 2, 0, 1, '2019-11-08 17:00:25', NULL),
(142, '200', '0', 3, 0, 1, '2019-11-08 17:06:15', NULL),
(143, '200', '0', 2, 0, 1, '2019-11-08 17:06:40', NULL),
(144, '200', '0', 2, 0, 1, '2019-11-08 17:09:44', NULL),
(145, '200', '0', 2, 0, 1, '2019-11-08 17:13:46', NULL),
(146, '200', '0', 2, 0, 1, '2019-11-08 17:13:47', NULL),
(147, '200', '0', 2, 0, 1, '2019-11-08 17:16:38', NULL),
(148, '200', '0', 2, 0, 1, '2019-11-08 17:16:40', NULL),
(149, '200', '0', 2, 0, 1, '2019-11-08 17:16:47', NULL),
(150, '200', '0', 2, 0, 1, '2019-11-08 17:16:49', NULL),
(151, '200', '0', 2, 0, 1, '2019-11-08 17:21:37', NULL),
(152, '200', '0', 2, 0, 1, '2019-11-08 17:22:03', NULL),
(153, '200', '0', 2, 0, 1, '2019-11-08 17:22:05', NULL),
(154, '200', '0', 2, 0, 2, '2019-11-08 17:27:12', NULL),
(155, '200', '0', 2, 0, 2, '2019-11-08 17:27:48', NULL),
(156, '200', '0', 2, 0, 3, '2019-11-08 17:28:04', NULL),
(157, '200', '0', 2, 0, 3, '2019-11-08 17:28:08', NULL),
(158, '200', '0', 2, 0, 3, '2019-11-08 17:28:17', NULL),
(159, '200', '0', 2, 0, 4, '2019-11-08 17:28:35', NULL),
(160, '200', '0', 2, 0, 4, '2019-11-08 17:32:27', NULL),
(161, '200', '0', 3, 0, 4, '2019-11-08 17:32:46', NULL),
(162, '200', '0', 3, 0, 2, '2019-11-08 17:32:47', NULL),
(163, '200', '0', 2, 0, 3, '2019-11-08 17:33:08', NULL),
(164, '200', '0', 2, 0, 2, '2019-11-08 17:33:09', NULL),
(165, '200', '0', 2, 0, 3, '2019-11-08 17:33:16', NULL),
(166, '200', '0', 2, 0, 2, '2019-11-08 17:33:17', NULL),
(167, '200', '0', 2, 0, 3, '2019-11-08 17:33:18', NULL),
(168, '200', '0', 2, 0, 3, '2019-11-08 17:33:20', NULL),
(169, '200', '0', 2, 0, 2, '2019-11-08 17:33:24', NULL),
(170, '200', '0', 2, 0, 4, '2019-11-08 17:33:26', NULL),
(171, '200', '0', 2, 0, 2, '2019-11-08 17:39:22', NULL),
(172, '200', '0', 2, 0, 3, '2019-11-08 17:40:32', NULL),
(173, '200', '0', 2, 0, 4, '2019-11-08 17:40:33', NULL),
(174, '200', '0', 2, 0, 4, '2019-11-08 17:40:35', NULL),
(175, '200', '0', 2, 0, 3, '2019-11-08 17:40:39', NULL),
(176, '200', '0', 2, 0, 3, '2019-11-08 17:44:13', NULL),
(177, '200', '0', 2, 0, 2, '2019-11-08 17:47:43', NULL),
(178, '200', '0', 2, 0, 2, '2019-11-08 18:02:58', NULL),
(179, '200', '0', 2, 0, 3, '2019-11-08 18:04:04', NULL),
(180, '200', '0', 2, 0, 3, '2019-11-08 18:04:06', NULL),
(181, '200', '0', 2, 0, 3, '2019-11-08 18:04:57', NULL),
(182, '200', '0', 3, 0, 2, '2019-11-08 18:05:06', NULL),
(183, '200', '0', 2, 0, 4, '2019-11-08 18:06:22', NULL),
(184, '200', '0', 2, 0, 3, '2019-11-08 18:16:24', NULL),
(185, '200', '0', 2, 0, 2, '2019-11-09 03:31:48', NULL),
(186, '200', '0', 2, 0, 3, '2019-11-09 03:32:00', NULL),
(187, '200', '0', 2, 0, 4, '2019-11-09 03:32:08', NULL),
(188, '200', '0', 2, 0, 4, '2019-11-09 03:32:13', NULL),
(189, '200', '0', 2, 0, 4, '2019-11-09 03:32:16', NULL),
(190, '200', '0', 3, 0, 3, '2019-11-09 03:32:22', NULL),
(191, '200', '0', 3, 0, 4, '2019-11-09 03:32:27', NULL),
(192, '200', '0', 3, 0, 3, '2019-11-09 03:33:23', NULL),
(193, '200', '0', 3, 0, 1, '2019-11-09 03:33:30', NULL),
(194, '200', '0', 3, 0, 3, '2019-11-09 03:35:25', NULL),
(195, '200', '0', 2, 0, 2, '2019-11-09 03:35:37', NULL),
(196, '200', '0', 2, 0, 4, '2019-11-09 03:35:42', NULL),
(197, '200', '0', 3, 0, 3, '2019-11-09 03:35:47', NULL),
(198, '200', '0', 2, 0, 1, '2019-11-09 14:10:56', NULL),
(199, '200', '0', 2, 0, 2, '2019-11-09 14:11:12', NULL),
(200, '200', '0', 2, 0, 3, '2019-11-09 14:11:12', NULL),
(201, '200', '0', 2, 0, 5, '2019-11-09 14:11:20', NULL),
(202, '200', '0', 2, 0, 5, '2019-11-09 14:11:20', NULL),
(203, '200', '0', 3, 0, 5, '2019-11-09 14:11:27', NULL),
(204, '200', '0', 3, 0, 5, '2019-11-09 14:11:27', NULL),
(205, '200', '0', 2, 0, 5, '2019-11-09 14:11:32', NULL),
(206, '200', '0', 2, 0, 5, '2019-11-09 14:11:33', NULL),
(207, '200', '0', 2, 0, 5, '2019-11-09 14:11:38', NULL),
(208, '200', '0', 2, 0, 5, '2019-11-09 14:11:39', NULL),
(209, '200', '0', 3, 0, 5, '2019-11-09 14:11:46', NULL),
(210, '200', '0', 3, 0, 5, '2019-11-09 14:11:47', NULL),
(211, '200', '0', 2, 0, 5, '2019-11-09 14:11:52', NULL),
(212, '200', '0', 2, 0, 5, '2019-11-09 14:11:53', NULL),
(213, '200', '0', 2, 0, 5, '2019-11-09 14:12:19', NULL),
(214, '200', '0', 2, 0, 5, '2019-11-09 14:12:19', NULL),
(215, '200', '0', 2, 0, 5, '2019-11-09 14:12:53', NULL),
(216, '200', '0', 2, 0, 5, '2019-11-09 14:12:53', NULL),
(217, '200', '0', 2, 0, 5, '2019-11-09 14:13:01', NULL),
(218, '200', '0', 2, 0, 5, '2019-11-09 14:13:01', NULL),
(219, '200', '0', 2, 0, 1, '2019-11-09 14:16:39', NULL),
(220, '200', '0', 2, 0, 5, '2019-11-09 14:16:39', NULL),
(221, '200', '0', 3, 0, 5, '2019-11-09 14:16:56', NULL),
(222, '200', '0', 3, 0, 5, '2019-11-09 14:43:56', NULL),
(223, '200', '0', 3, 0, 5, '2019-11-09 14:44:08', NULL),
(224, '200', '0', 3, 0, 5, '2019-11-09 14:44:25', NULL),
(225, '200', '0', 3, 0, 5, '2019-11-09 14:44:39', NULL),
(226, '200', '0', 3, 0, 5, '2019-11-09 14:44:48', NULL),
(227, '200', '0', 3, 0, 5, '2019-11-09 14:44:57', NULL),
(228, '200', '0', 3, 0, 5, '2019-11-09 14:45:01', NULL),
(229, '200', '0', 3, 0, 5, '2019-11-09 14:45:06', NULL),
(230, '200', '0', 3, 0, 5, '2019-11-09 14:45:15', NULL),
(231, '200', '0', 3, 0, 5, '2019-11-09 14:45:40', NULL),
(232, '200', '0', 3, 0, 5, '2019-11-09 14:45:53', NULL),
(233, '200', '0', 3, 0, 5, '2019-11-09 14:45:59', NULL),
(234, '200', '0', 3, 0, 2, '2019-11-09 14:46:04', NULL),
(235, '200', '0', 3, 0, 3, '2019-11-09 14:46:09', NULL),
(236, '200', '0', 3, 0, 4, '2019-11-09 14:46:14', NULL),
(237, '200', '0', 3, 0, 5, '2019-11-09 14:46:20', NULL),
(238, '200', '0', 3, 0, 2, '2019-11-09 14:46:26', NULL),
(239, '200', '0', 3, 0, 4, '2019-11-09 14:46:32', NULL),
(240, '200', '0', 3, 0, 3, '2019-11-09 14:46:41', NULL),
(241, '200', '0', 3, 0, 1, '2019-11-09 14:46:48', NULL),
(242, '200', '0', 3, 0, 2, '2019-11-09 14:47:01', NULL),
(243, '200', '0', 1, 0, 4, '2019-11-11 13:14:09', NULL),
(244, '200', '0', 1, 0, 2, '2019-11-11 13:14:22', NULL),
(245, '200', '0', 3, 0, 3, '2019-11-11 13:14:35', NULL),
(246, '200', '0', 2, 0, 4, '2019-11-11 13:39:43', NULL),
(247, '200', '0', 3, 0, 2, '2019-11-11 13:56:00', NULL),
(248, '200', '0', 1, 0, 2, '2019-11-11 14:51:49', NULL),
(254, '200', '0', 2, 0, 2, '2019-11-11 16:27:21', NULL),
(250, '200', '0', 2, 0, 2, '2019-11-11 16:21:24', NULL),
(251, '200', '0', 3, 0, 2, '2019-11-11 16:22:30', NULL),
(252, '200', '0', 3, 0, 2, '2019-11-11 16:22:50', NULL),
(253, '200', '0', 3, 0, 2, '2019-11-11 16:25:33', NULL),
(255, '200', '0', 2, 0, 2, '2019-11-11 16:27:31', NULL),
(256, '200', '0', 3, 0, 2, '2019-11-11 16:27:38', NULL),
(257, '200', '0', 3, 0, 2, '2019-11-11 16:27:48', NULL),
(258, '200', '0', 3, 0, 2, '2019-11-11 16:27:50', NULL),
(259, '200', '0', 2, 0, 2, '2019-11-11 16:29:28', NULL),
(260, '200', '0', 2, 0, 2, '2019-11-11 16:29:36', NULL),
(261, '200', '0', 2, 0, 2, '2019-11-11 16:30:27', NULL),
(262, '200', '0', 3, 0, 2, '2019-11-11 16:30:57', NULL),
(263, '200', '0', 3, 0, 2, '2019-11-11 16:31:12', NULL),
(264, '200', '0', 3, 0, 2, '2019-11-11 16:31:23', NULL),
(265, '200', '0', 3, 0, 2, '2019-11-11 16:31:56', NULL),
(266, '200', '0', 3, 0, 2, '2019-11-11 16:32:30', NULL),
(267, '200', '0', 3, 0, 2, '2019-11-11 16:32:42', NULL),
(268, '200', '0', 3, 0, 2, '2019-11-11 16:34:09', NULL),
(269, '200', '0', 3, 0, 2, '2019-11-11 16:34:31', NULL),
(270, '200', '0', 3, 0, 2, '2019-11-11 16:53:41', NULL),
(271, '200', '0', 3, 0, 2, '2019-11-11 19:17:28', NULL),
(272, '200', '0', 1, 0, 2, '2019-11-11 19:18:36', NULL),
(273, '200', '0', 1, 0, 2, '2019-11-11 19:18:47', NULL),
(274, '200', '0', 1, 0, 2, '2019-11-11 19:18:54', NULL),
(275, '200', '0', 1, 0, 2, '2019-11-12 09:53:55', NULL),
(276, '200', '0', 1, 0, 2, '2019-11-12 16:38:44', NULL),
(277, '200', '0', 3, 0, 2, '2019-11-12 16:40:12', NULL),
(278, '200', '0', 1, 0, 2, '2019-11-12 16:40:36', NULL),
(279, '200', '0', 1, 0, 2, '2019-11-12 16:43:43', NULL),
(280, '200', '0', 1, 0, 2, '2019-11-12 16:44:41', NULL),
(281, '200', '0', 1, 0, 2, '2019-11-13 03:21:05', NULL),
(282, '200', '0', 3, 0, 2, '2019-11-13 03:22:14', NULL),
(283, '200', '0', 3, 0, 2, '2019-11-13 03:22:57', NULL),
(284, '200', '0', 1, 0, 2, '2019-11-13 03:23:29', NULL),
(285, '200', '0', 3, 0, 2, '2019-11-13 03:24:11', NULL),
(286, '200', '0', 3, 0, 2, '2019-11-13 03:26:03', NULL),
(287, '200', '0', 1, 0, 2, '2019-11-13 03:26:40', NULL),
(288, '200', '0', 3, 0, 2, '2019-11-13 11:21:24', NULL),
(289, '200', '0', 1, 0, 2, '2019-11-13 11:27:26', NULL),
(290, '200', '0', 3, 0, 4, '2019-11-13 11:27:37', NULL),
(291, '200', '0', 3, 0, 2, '2019-11-16 16:03:50', NULL),
(292, '200', '0', 3, 0, 2, '2019-11-16 16:04:00', NULL),
(293, '200', '0', 1, 0, 2, '2019-11-16 16:05:52', NULL),
(294, '200', '0', 2, 0, 2, '2019-11-16 16:06:00', NULL),
(295, '200', '0', 3, 0, 2, '2019-11-16 16:13:40', NULL),
(296, '200', '0', 3, 0, 2, '2019-11-16 16:19:05', NULL),
(297, '200', '0', 2, 0, 2, '2019-11-16 16:19:45', NULL),
(298, '200', '0', 1, 0, 2, '2019-11-16 16:19:49', NULL),
(299, '200', '0', 2, 0, 2, '2019-11-16 16:21:46', NULL),
(300, '200', '0', 3, 0, 2, '2019-11-16 16:24:18', NULL),
(301, '200', '0', 3, 0, 2, '2019-11-16 17:12:51', NULL),
(302, '200', '0', 3, 0, 2, '2019-11-16 23:54:16', NULL),
(303, '200', '0', 1, 0, 2, '2019-11-16 23:54:33', NULL),
(304, '200', '0', 2, 0, 2, '2019-11-16 23:54:38', NULL),
(348, '200', '0', 2, 0, 2, '2019-11-18 20:28:09', NULL),
(347, '200', '0', 2, 0, 2, '2019-11-18 20:27:56', NULL),
(346, '200', '0', 2, 0, 2, '2019-11-18 20:27:54', NULL),
(312, '200', '0', 2, 0, 2, '2019-11-18 09:03:41', NULL),
(313, '200', '0', 3, 0, 2, '2019-11-18 09:07:26', NULL),
(314, '200', '0', 3, 0, 2, '2019-11-18 09:08:54', NULL),
(315, '200', '0', 3, 0, 2, '2019-11-18 09:09:04', NULL),
(316, '200', '0', 1, 0, 2, '2019-11-18 09:10:45', NULL),
(317, '200', '0', 1, 0, 1, '2019-11-18 09:11:55', NULL),
(345, '200', '0', 2, 0, 2, '2019-11-18 20:27:52', NULL),
(319, '200', '0', 3, 0, 1, '2019-11-18 09:34:08', NULL),
(344, '200', '0', 2, 0, 2, '2019-11-18 20:27:50', NULL),
(343, '200', '0', 2, 0, 2, '2019-11-18 20:27:37', NULL),
(342, '200', '0', 3, 0, 2, '2019-11-18 20:26:55', NULL),
(327, '200', '0', 2, 0, 2, '2019-11-18 18:34:09', NULL),
(328, '200', '0', 3, 0, 2, '2019-11-18 18:34:27', NULL),
(329, '200', '0', 3, 0, 2, '2019-11-18 18:34:33', NULL),
(330, '200', '0', 3, 0, 2, '2019-11-18 18:35:17', NULL),
(331, '200', '0', 2, 0, 2, '2019-11-18 18:35:39', NULL),
(332, '200', '0', 1, 0, 2, '2019-11-18 18:36:22', NULL),
(333, '200', '0', 1, 0, 2, '2019-11-18 18:36:32', NULL),
(334, '200', '0', 2, 0, 1, '2019-11-18 18:36:37', NULL),
(335, '200', '0', 3, 0, 1, '2019-11-18 18:36:42', NULL),
(336, '200', '0', 3, 0, 1, '2019-11-18 18:36:48', NULL),
(338, '200', '0', 1, 0, 0, '2019-11-18 19:27:54', NULL),
(339, '200', '0', 2, 0, 1, '2019-11-18 19:28:00', NULL),
(349, '200', '0', 3, 0, 2, '2019-11-18 20:29:02', NULL),
(350, '200', '0', 3, 0, 2, '2019-11-18 20:29:22', NULL),
(351, '200', '0', 3, 0, 2, '2019-11-18 21:12:26', NULL),
(352, '200', '0', 1, 0, 2, '2019-11-18 21:12:45', NULL),
(353, '200', '0', 1, NULL, 1, '2020-07-15 00:00:00', '2020-07-15 00:00:00');

-- --------------------------------------------------------

--
-- Structure de la table `transferts`
--

DROP TABLE IF EXISTS `transferts`;
CREATE TABLE IF NOT EXISTS `transferts` (
  `id` bigint(20) UNSIGNED NOT NULL AUTO_INCREMENT,
  `carte_id` int(10) UNSIGNED NOT NULL,
  `NumeroCarte` varchar(191) COLLATE utf8mb4_unicode_ci NOT NULL,
  `Statut` tinyint(1) DEFAULT '0',
  `created_at` timestamp NULL DEFAULT NULL,
  `updated_at` timestamp NULL DEFAULT NULL,
  PRIMARY KEY (`id`),
  UNIQUE KEY `transferts_numerocarte_unique` (`NumeroCarte`),
  KEY `transferts_carte_id_index` (`carte_id`)
) ENGINE=MyISAM AUTO_INCREMENT=4 DEFAULT CHARSET=utf8mb4 COLLATE=utf8mb4_unicode_ci;

--
-- Déchargement des données de la table `transferts`
--

INSERT INTO `transferts` (`id`, `carte_id`, `NumeroCarte`, `Statut`, `created_at`, `updated_at`) VALUES
(1, 11, '92535258', 0, '2019-11-26 16:04:05', '2019-11-26 16:04:05'),
(2, 8, '54274725', 1, '2019-11-26 16:30:02', '2019-11-26 16:30:02');

-- --------------------------------------------------------

--
-- Structure de la table `users`
--

DROP TABLE IF EXISTS `users`;
CREATE TABLE IF NOT EXISTS `users` (
  `id` bigint(20) UNSIGNED NOT NULL AUTO_INCREMENT,
  `name` varchar(191) COLLATE utf8mb4_unicode_ci NOT NULL,
  `email` varchar(191) COLLATE utf8mb4_unicode_ci NOT NULL,
  `password` varchar(191) COLLATE utf8mb4_unicode_ci NOT NULL,
  `role` varchar(191) COLLATE utf8mb4_unicode_ci DEFAULT NULL,
  `gare_id` int(10) UNSIGNED DEFAULT NULL,
  `email_verified_at` timestamp NULL DEFAULT NULL,
  `remember_token` varchar(100) COLLATE utf8mb4_unicode_ci DEFAULT NULL,
  `created_at` timestamp NULL DEFAULT NULL,
  `updated_at` timestamp NULL DEFAULT NULL,
  PRIMARY KEY (`id`),
  UNIQUE KEY `users_email_unique` (`email`),
  KEY `users_gare_id_index` (`gare_id`)
) ENGINE=MyISAM AUTO_INCREMENT=5 DEFAULT CHARSET=utf8mb4 COLLATE=utf8mb4_unicode_ci;

--
-- Déchargement des données de la table `users`
--

INSERT INTO `users` (`id`, `name`, `email`, `password`, `role`, `gare_id`, `email_verified_at`, `remember_token`, `created_at`, `updated_at`) VALUES
(1, 'Abraham', 'abrahamkone12@gmail.com', '$2y$10$5rrOofbWJWusJ3VU.trAdOT0KNJqjueyo.VKwdyRmP0hvtZ7ru5vq', '3', NULL, NULL, NULL, '2019-11-11 09:48:24', '2019-11-11 09:48:24'),
(2, 'Dimitri', 'abkone001@gmail.com', '$2y$10$4K4/J1s6CbYD0tAinKrgZ..659jP7RUeYig8oApBZukKNpEahpZGK', '1', 1, NULL, NULL, '2019-11-11 10:04:30', '2019-11-11 10:04:30'),
(3, 'Seriatech', 'seriatech@gmail.com', '$2y$10$fgnB3N2UOzpsTikwZEGhwOGo4q0ywa1JRCL2q.d5/U2B9N.BkCvRW', '1', 2, NULL, NULL, '2019-11-11 11:23:51', '2019-11-11 11:23:51'),
(4, 'Admin', 'admin@admin.com', '$2y$10$J9RXvmSgUqd2FP4kmE1c4OmUKVTX9Nd2NR0GnEegEzD3Q0Zg9hZ6e', '2', NULL, NULL, NULL, '2019-11-11 13:04:46', '2019-11-11 13:04:46');

-- --------------------------------------------------------

--
-- Structure de la table `voyages`
--

DROP TABLE IF EXISTS `voyages`;
CREATE TABLE IF NOT EXISTS `voyages` (
  `id` bigint(20) UNSIGNED NOT NULL AUTO_INCREMENT,
  `CodeVoyage` varchar(191) COLLATE utf8mb4_unicode_ci NOT NULL,
  `PassageInitial` varchar(191) COLLATE utf8mb4_unicode_ci DEFAULT NULL,
  `MontantVoyage` int(11) NOT NULL,
  `bateau_id` int(10) UNSIGNED NOT NULL,
  `gare_id` int(10) UNSIGNED NOT NULL,
  `NombrePassage` varchar(191) COLLATE utf8mb4_unicode_ci DEFAULT NULL,
  `Depart` varchar(191) COLLATE utf8mb4_unicode_ci NOT NULL,
  `Destination` varchar(191) COLLATE utf8mb4_unicode_ci NOT NULL,
  `Statut` tinyint(1) DEFAULT NULL,
  `terminal1` int(11) NOT NULL,
  `terminal2` int(11) DEFAULT NULL,
  `created_at` timestamp NULL DEFAULT NULL,
  `updated_at` timestamp NULL DEFAULT NULL,
  PRIMARY KEY (`id`),
  UNIQUE KEY `voyages_codevoyage_unique` (`CodeVoyage`),
  KEY `voyages_bateau_id_index` (`bateau_id`),
  KEY `voyages_gare_id_index` (`gare_id`)
) ENGINE=MyISAM AUTO_INCREMENT=7 DEFAULT CHARSET=utf8mb4 COLLATE=utf8mb4_unicode_ci;

--
-- Déchargement des données de la table `voyages`
--

INSERT INTO `voyages` (`id`, `CodeVoyage`, `PassageInitial`, `MontantVoyage`, `bateau_id`, `gare_id`, `NombrePassage`, `Depart`, `Destination`, `Statut`, `terminal1`, `terminal2`, `created_at`, `updated_at`) VALUES
(1, 'V001', NULL, 500, 1, 1, NULL, 'Gare de Plateau-GareSud', 'Gare de Cocody-Fava', 1, 1, NULL, '2019-11-11 11:17:18', '2019-11-22 09:47:37'),
(2, 'V10-35353', '0', 500, 2, 2, '83', 'Gare de Cocody-BlockHauss', 'Gare de Yopougon-Koute', 0, 3, 0, '2019-11-18 21:12:46', '2019-11-18 21:12:46'),
(3, 'V0122-45312321', NULL, 500, 1, 2, NULL, 'Gare de Cocody-BlockHauss', 'Gare de Cocody-BlockHauss', 0, 2, NULL, '2019-11-11 19:22:39', '2019-11-11 19:23:38');
COMMIT;

/*!40101 SET CHARACTER_SET_CLIENT=@OLD_CHARACTER_SET_CLIENT */;
/*!40101 SET CHARACTER_SET_RESULTS=@OLD_CHARACTER_SET_RESULTS */;
/*!40101 SET COLLATION_CONNECTION=@OLD_COLLATION_CONNECTION */;
